linijka;nazwa;cena_jedn;kategoria_podatku;ilość;całkowita_cena;quantity;jednostka
MAKA BASIA 1KG C 9 x3,59 32,31C;MAKA BASIA 1KG;3,59;C;1;32,31;9;KG
ZELKI KW GWIAZDK 9 A 1 x3,99 3,99A;ZELKI KW GWIAZDK;3,99;A;1;3,99;1;
CUK KR/RE/BO/ZO/P A0,914 x14,99 13,70A;CUK KRREBOZOP;14,99;A;1;13,70;0,914;
SOLKAMIENNA 1,1KG A 1 x2,29 2,29A;SOLKAMIENNA 1,1KG;2,29;A;1,1;2,29;1;KG
ZELKIKWASNE 100G A 1 x3,99 3,99A;ZELKIKWASNE 100G;3,99;A;100;3,99;;G
PRZYPRAWA W PL 200 B 1 x2,99 2,99B;PRZYPRAWA W PL 200;2,99;B;1;2,99;;
KONCENTRAT POMI 31 C 4 x7,19 28,76C;KONCENTRAT POMI 31;7,19;C;4;28,76;;
PRZYPRAWA D/BIG 20 B 2 x1,59 3,18B;PRZYPRAWA DBIG 20;1,59;B;2;3,18;;
KONCENTRAT POM 900 C 1 x9,99 9,99C;KONCENTRAT POM 900;9,99;C;1;9,99;;
KAPUSTA 3,1 KG C 1 x14,49 14,49C;KAPUSTA 3,1 KG;14,49;C;3,1;14,49;;KG
CHLEB 3 * 10,5G = 31,50 C;CHLEB;10,50;C;3;31,50;;
BUŁKA H  1,80 =7,20 C;BUŁKA;1,80;C;"";7,20;;
KLłkEukalMent25ODg H 1SZT x4,99 4;KLłk Eukal Ment 25Og;4,99;"";250;4,99;;G
Ka5aosExcl.Indyk9Og t 1SZT x6,79;Kaaos Excl. Indyk 9Og;6,79;;90;6,79;;G
 KabanosyvDri5o5y t 1ST x6,79 G;Kabanosyv Drioy;6,79;G;1;6,79;;SZT
Kabanos7Kurczakai0O%  1S2T x6, 79 G 79:;Kabanos Kurczakai;6,79;G;1;6,79;;SZT
CHLEB PRASKI AGATA 1000GC 1SZT x8,95 8,95C;CHLEB PRASKI AGATA 1000G;8,95;C;1000;8,95;;G
CHLEB PRASKI AGATA 1000GC 1SZT x8,95 8,95C;CHLEB PRASKI AGATA 1000G;8,95;C;1000;8,95;;G
CHLEB PRASKI AGATA 1000GC 1SZT x8,95 8,95C;CHLEB PRASKI AGATA 1000G;8,95;C;1000;8,95;;G
KAPUSTA CZERWONA LUZC 2,225kg x3,50 7,79C;KAPUSTA CZERWONA LUZ;3,50;C;2,225;7,79;;KG
MILKA CZEK OREO 100gA 1szt., x3,99 3,99A;MILKA CZEK OREO 100g;3,99;A;1;3,99;;G
MILKA CZEK.OPEO 100gA 1szt. x3,99 3,99A;MILKA CZEK. OPEO 100g;3,99;A;1;3,99;;G
ZIEMNIAKI WORcEOKGC 1szt. x16,00 16,00C;ZIEMNIAKI WORcEO KG;16,00;C;1;16,00;;KG
C_KAJZERKA 50 G 6 x 0,39 2,34C;KAJZERKA 50G;0,39;C;6;2,34;;G
A_PAPIER TOALET.MAXI 1 x 2,69 2,69A;PAPIER TOALET. MAXI;2,69;A;1;2,69;;
A_SAMELLE 1 R 2 x 12,39 24,78A;SAMELLE;12,39;A;2;24,78;;
C_PUDDING 200G 2 x 2,35 4,70C;PUDDING 200G;2,35;C;2;4,70;;G
CMIESZ.KUK.450/2700 2 x 5,99 11,98C;CMIESZ. KUK. 450/2700;5,99;C;2;11,98;;
C_BERLKUR. 500 G 2 x 7,53 15,06C;BERLKUR. 500 G;7,53;C;2;15,06;;G
Lody-gatka 2.000x6.00z.00C;Lody-gatka;6,00;C;2;;;
B_HER.OWOC. MIX 45 G 3 x 5,99 16,7;HER. OWOC. MIX 45 G;5,99;B;3;16,97;;G
C_HERBATN. TEA 4OOG 1 x 4,95 4,95C;HERBATN. TEA 4OOG;4,95;C;1;4,95;;G
C_WAFLE ORZECH 450 G 2 x 6,99 13,98C;WAFLE ORZECH 450 G;6,99;C;2;13,98;;G
A_LE CHEF 12O SZT 2 x 2,69 5,38A;LE CHEF 12O SZT;2,69;A;2;5,38;;SZT
C_BROKUŁ MROZ. 450G 3 x 6,99 20,97C;BROKUŁ MROZ. 450G;6,99;C;3;20,97;;G
C_SZPINAK HORTE.450G 1 x 5,99 5,99C;SZPINAK HORTE. 450G;5,99;C;1;5,99;;G
C_CZE.FAS. 410/240 G 3 x 3,15 9,95C;CZE. FAS. 410/240 G;3,15;C;3;9,95;;G
C_OLEJ WIELKOP.1L 4 x 10,99 93,96C;OLEJ WIELKOP. 1L;10,99;C;4;93,96;;L
C_KAJZERKA 50 G 8 x 0,39 3,12C;KAJZERKA 50 G;0,39;C;8;3,12;;G
C_SER FAVITA 2700 1 x 6,15 6,15C;SER FAVITA 2700;6,15;C;1;6,15;;
B_ZELATYNA SPOZY 50G 1 x 4,99 4,99B;ZELATYNA SPOZY 50G;4,99;B;1;4,99;;G
C_JAJA SPOZ.10M 4 x 10,99 43,96C;JAJA SPOZ. 10ML;10,99;C;4;43,96;;ML
C_BANANY LUZ 0,945 x 3,99 3,30C;BANANY LUZ;3,99;C;0,945;3,30;;
PerłaChmie.But0,5L H 2SzZT x3,89 7,78A;Perła Chmie. But 0,5L;3,89;A;2;7,78;;L
YanoHamburger200g t 3SZT x2,79 8,37C;Yano Hamburger 200g;2,79;C;3;8,37;;G
SierpcSerekCapri220g* t 1SZT x5,99 5,99C;Sierpc Serek Capri 220g;5,99;C;1;5,99;;G
SierpcSerekCapri220g* t 1SZT x5,99 5,99C;Sierpc Serek Capri 220;5,99;C;1;5,99;;SZT
SierpcSerekCapri220g* t 1SZT x5,99 5,99C;Sierpc Serek Capri 220g;5,99;C;1;5,99;;G
SierpcSerekCapri220g* t1SZT x5,99 5,99C;Sierpc Serek Capri 220g;5,99;C;1;5,99;;G
KLC.SerGouda300gpl t 1SZT x6,99 6,99C;KLC. Ser Gouda 300g pl;6,99;C;1;6,99;;G
KLt.SerEdamski300gpl t 1SzT x6,99 6,99C;KLt. Ser Edamski 300g pl;6,99;C;1;6,99;;G
S1erpcSerektapr1220g* t 1SzT x5,99 5,99C;S1erpc Serektapr 1220g;5,99;C;1;5,99;;G
S1erQpcSerekCapr1220g* t 1SzT x5,99 5,99C;S1er Qpc Serek Capr 1220g;5,99;C;1;5,99;;G
SierQcSerekCapri220g* t 1SzT x5,99 5,99C;Sier Qc Serek Capri 220g;5,99;C;1;5,99;;G
S1erQcSerekCapri1220g* t 1SzT x5,99 5,99C;Ser Qc Serek Capri 1220g;5,99;C;1;5,99;;G
SierpcSerekCapri220g* t 1SZT x5,99 5,99C;Sierpc Serek Capri 220g;5,99;C;1;5,99;;G
SierpcSerekCapri220g* t 1SZT x5,99 5,99C;Sierpc Serek Capri 220g;5,99;C;1;5,99;;G
K.Ser Topiony 100g t 2SZT x2,19 4,38C;Ser Topiony 100g;2,19;C;2;4,38;;G
Śmietana18%t1.300g* t 1SZT x4,59 4,59C;Śmietana 18% t. 300g;4,59;C;1;4,59;;G
STD.TwarógWędz275g t 2SZT x4,49 8,98C;STD. Twaróg Wędz 275g;4,49;C;2;8,98;;G
BigActiveHerbata40g i 1SZT x5,99 5,99B;Big Active Herbata 40g;5,99;B;1;5,99;;G
BigActiveHerbata40g i 2SZT x5,99 11,98B;Big Active Herbata 40g;5,99;B;2;11,98;;G
Bu1ka poznańska 75g t 9SZT x0,69 6,21C;Buka poznańska 75g;0,69;C;9;6,21;;G
SierpcSerekCapri220g* t 1S2T x5,99 5,99C;Sierpc Serek Capri 220g;5,99;C;1;5,99;;G
SierpcSerekCapri220g* t 1SZT x5,99 5,99C;Sierpc Serek Capri 220g;5,99;C;1;5,99;;G
KLC.SerGouda300gpl t 1SZT x6,99 6,99C;KLC. Ser Gouda 300g pl;6,99;C;1;6,99;;G
KLC.SerEdamski300gpl t 1SZT x6,99 6,99C;KLC. Ser Edamski 300g pl;6,99;C;1;6,99;;G
SierpcSerekCapri220g* t 1SZT x5,99 5,99C;Sierpc Serek Capri 220g;5,99;C;1;5,99;;G
SierpcSerekCapri220g* t 1SZT x5,99 5,99C;Sierpc Serek Capri 220g;5,99;C;1;5,99;;G
SierpcSerekCapri220g* t 1SZT x5,99 5,99;Sierpc Serek Capri 220g;5,99;;1;5,99;;G
SierpcSerekCapri220g* t 1SZT x5,99 5,99C;Sierpc Serek Capri 220g;5,99;C;1;5,99;;G
SierpcSerekCapri220g* t 1SZT x5,99 5,99;Sierpc Serek Capri 220g;5,99;;1;5,99;;G
SierpcSerekCapri220g* t 1SZT x5,99 5,99;Sierpc Serek Capri 220g;5,99;;1;5,99;;G
K.Ser Topiony 100g t 2SZT x2,19 4,38C;Ser Topiony 100g;2,19;C;2;4,38;;G
Śmietana18%t1.300g* t 1SZT x4,59 4,59C;Śmietana 18% t. 300g;4,59;C;1;4,59;;G
STD.TwarógWędz275g t 2SZT x4,49 8,98C;STD. Twaróg Wędz 275g;4,49;C;2;8,98;;G
BigActiveHerbata40g i 1SZT x5,99 5,99B;Big Active Herbata 40g;5,99;B;1;5,99;;G
Bi9ActiveHerbata4Og i 2SZT x5,99 11,98B;Bi Active Herbata 4Og;5,99;B;2;11,98;;G
Bu1ka poznańska 75g t 9SzT x0,69 6,21C;Bułka poznańska 75g;0,69;C;9;6,21;;G
HeinzKetchup1OO0G 1 1SZT x15,99 15,99B;Heinz Ketchup 1OO0G;15,99;B;1;15,99;;G
MajonezDekorac4OOML i 2SZT x5,99 11,98B;Majonez Dekorac 4OOML;5,99;B;2;11,98;;ML
KLC.TortillaPsze370g t 2SZT x4,82 9,64C;KLC. Tortilla Psze 370g;4,82;C;2;9,64;;G
OlejWielkopolski1l t 3SZT x8,49 25,47C;Olej Wielkopolski 1l;8,49;C;3;25,47;;L
KucharekRosółWołowy t 3SZT x4,19 12,57C;Kucharek Rosół Wołowy;4,19;C;3;12,57;;SZT
FamilijneWafle180g t 1SZT x4,49 4,9C;Familijne Wafle 180g;4,49;C;1;4,49;;G
FamilijneWafle180g t 1SZT x4,494,49C;Familijne Wafle 180g;4,49;C;1;4,49;;G
FamilWafGofWani130g t 1SZT x3,99 3,99C;Famil Waf Gof Wani 130g;3,99;C;1;3,99;;G
CukierkiKopaln80g H 1SZT x3,79 3,79A;Cukierki Kopaln 80g;3,79;A;1;3,79;;G
Nimm2Śmiejżelki100g H 1SZT x2,79 2,79A;Nimm2 Śmiejżelki 100g;2,79;A;1;2,79;;G
StorckDzunglaki9Og H 1SZT x2,79 2,79A;Storck Dzunglaki 9Og;2,79;A;1;2,79;;G
Nimm2ŚmiejSłodSad90g H 1SZT x2,79 2,79A;Nimm2 Śmiej Słod Sad 90g;2,79;A;1;2,79;;G
MambaGuma106g H 1SZT x3,59 3,59A;Mamba Guma 106g;3,59;A;1;3,59;;G
Bu#kiHambSezam30Og t 3SZT x6,65 19,95C;Buki Hamb Sezam 30Og;6,65;C;3;19,95;;G
K.ChlebTost.Psz5OOg t 1SZT x2,99 2,99C;Chleb Tost. Psz 5OOg;2,99;C;1;2,99;;G
7DaysMaxRogalOrze6OG t 3SZT x2,99 8,97;7Days Max Rogal Orze 6OG;2,99;;3;8,97;;G
KLC.JajascM2Oszt t 36ZT x15,99 47,97C;KLC. Jajasc M2O szt;15,99;C;3;47,97;;SZT
 BieluchSzpinak150G t 1SZT x3,39 3,39C;Bieluch Szpinak 150G;3,39;C;1;3,39;;G
BieluchSzpinak15OG t 16ZT x3,39 3,39C;Bieluch Szpinak 15OG;3,39;C;1;3,39;;G
SłynneMRRośl1nne75Og t 1SZT x9,99 9,99C;Słynne MRRoślinne 75Og;9,99;C;1;9,99;;G
BieluchSzp1nak150G t 1SZT x3,39 3,39C;Bieluch Szpinak 150G;3,39;C;1;3,39;;G
Ziemmaki 5kg t 2SZT x6,99 13,98C;Ziemmaki 5kg;6,99;C;2;13,98;;KG
Ogorki polskie kg t 0,18KG x11,99 2,16C;Ogorki polskie kg;11,99;C;0,18;2,16;;KG
Bułka poznańska 75g t 6SZT x0,69 4,14C;Bułka poznańska 75g;0,69;C;6;4,14;;G
MąkaTortowaSzcz2,5KG t 4SZT x4,99 19,96C;Mąka Tortowa Szcz 2,5KG;4,99;C;4;19,96;;KG
MakaronNitki25OG t 2SZT x2,59 5,18C;Makaron Nitki 25OG;2,59;C;2;5,18;;G
HelioMieszanka3O0g t 1SZT x8,89 8,89C;Helio Mieszanka 300g;8,89;C;1;8,89;;G
HelioMieszanka3O0Og t 1SZT x8,89 8,89C;Helio Mieszanka 3000g;8,89;C;1;8,89;;G
HelioMieszanka3OOg t 1SZT x8,89 8,89C;Helio Mieszanka 3OOg;8,89;C;1;8,89;;G
Hel1oM1eszanka300g t 1SZT x8,89 8,89C;Helio Mieszanka 300g;8,89;C;1;8,89;;G
K:SerToPpiony1O0g t 1szr 3 1a 9:4c;Ser Topiony 1O0g;3,19;C;3;;;G
K.ser Topiony 1Qps  1az7 2,19 2,19C;ser Topiony 1Qps;2,19;C;1;2,19;;SZT
Belris ęa7siYo9 ,1SZT x2,19 2,19C;Belris ęa7siYo9;2,19;C;1;2,19;;SZT
pskx*3 SPeć18 200 t 4SZT x2,99 11,96C;pskx3 SPeć 200;2,99;C;4;11,96;;SZT
Rodz1nna0woceLeś200g i 1szr 6 99 5,oB;Rodzinna Owoce Leś 200g;6,99;B;1;6,99;;G
VerdinZioMali20xi,89 1 1s7T 3,99 ,99B;Verdin Zio Mali 20,89;3,99;B;1;3,99;;SZT
VerdinFixHerbz2iai369 x 3sT 4,99 4,99B;Verdin Fix Herbziai 369;4,99;B;1;4,99;;SZT
FitoAptekaHer54Os9  S27 X4,99 9,98A;Fito Apteka Her 54Os9;4,99;A;2;9,98;;SZT
HsliAM1sk9nb4O9 1 1SZT x6,99 6,99B;Hsli AMisknb 4O9;6,99;B;1;6,99;;SZT
RsksóTesznkad009* t 1SZT x8,89 8,89c;Rsksó Tesznkad 009;8,89;C;1;8,89;;SZT
V1fonZupaKurczak2Z3ot t 6szTr x1, 79 10,990;Vifon Zupa Kurczak 2Z3ot;1,79;0;6;10,74;;SZT
QeiaMeezanka3oov c 1szr xa, a 8,880;Qeia Meezanka oov;8,88;0;1;8,88;;SZT
KTYTrt1e370w t 4szr x6,o7 28,286;KTYTrtie 370;7,07;;4;28,28;;SZT
3ąU:thrz: y t 1SZT x3,49 3,49C;ąUthrz y;3,49;C;1;3,49;;SZT
23/0skrobabwrwer300g t 3SZT x3,99 11'9rr;Oskrobabwrwer 300g;3,99;;3;11,97;;G
BułkiHotDog250g 1 1S7r, 91'2,76;Bułki Hot Dog 250g;2,76;;1;2,76;;G
7DawskakaoWanY11n t 3a7 3,4n 9,41C;7 Dawskakao Wan Yin;3,13;C;3;9,41;;""
psa7xk.oRankiuU9 t źS7 X3,99 7,98C;psaxk. o Rankiu U9;3,99;C;2;7,98;;SZT
C9tetowDrob1owa t 1S2T x2,79 2,79C;C9tetow Drobiowa;2,79;C;1;2,79;;SZT
STD.Salami0stródzk1e* t 1SZT x6,94 6,94C;STD. Salami 0 stródzke;6,94;C;1;6,94;;SZT
STDSzynkkonsKurc1O0g* t 1szr x3, 99 3,480;STD Szynkkons Kurc 1O0g;3,99;C;1;3,99;;G
ŚTD.POLE DRoB 25O G* t 1szTr x9,99 9,99C;ŚTD. POLE DRoB 25O G;9,99;C;1;9,99;;G
STDSzynkKonsKurc100g* t 1szTr x3, 99 3,99C;STD Szynk Kons Kurc 100g;3,99;C;1;3,99;;G
STDSzynkKonsKurc1OOg* t 1szTr x3, 99 3,99C;STD Szynk Kons Kurc 1OOg;3,99;C;1;3,99;;G
STDSzynkKoneKurc1OOg* t 1szT x3, 99 3,99C;STD Szynk Kone Kurc 1OOg;3,99;C;1;3,99;;G
KrakusParówkPierśKur* t 1SzT x7,29 7,29c;Krakus Parówk Pierś Kur;7,29;C;1;7,29;;SZT
KrakusParówkP1earśKur* t 1SZT x7,29 7,29c;Krakus Parówk Piearś Kur;7,29;C;1;7,29;;SZT
KrakusParówkP1erśKur* t 1SZT x7,29 7,29C;Krakus Parówk Pierś Kur;7,29;C;1;7,29;;SZT
KrakusParówkPierśKur* t 1SZT x7,29 7,29C;Krakus Parówk Pierś Kur;7,29;C;1;7,29;;SZT
KrakusParówkPierśKur* t 1SZT x7,29 7,29c;Krakus Parówk Pierś Kur;7,29;C;1;7,29;;SZT
KrakusParówkPierśKur* t 1SZT x7,29 7,29C;Krakus Parówk Pierś Kur;7,29;C;1;7,29;;SZT
KWIATY SZTUCZNE x210,00 210,00A;KWIATY SZTUCZNE;210,00;A;1;210,00;;
PAPIEROSY1 x19,99 19,99A;PAPIEROSY;19,99;A;1;19,99;;
CHLĘP C 1 -*12.00 12,00C;CHLĘP;12,00;C;1;12,00;;
BUKA TARTA C 1-*9.,94 9,94C;BUKA TARTA;9,94;C;1;9,94;;
_MAKAR. ŚWID. 400G 3 x 3,49 10,47C;MAKAR. ŚWID. 400G;3,49;C;3;10,47;;G
P_MIESZANKA STU 15OG 2 x 7,99 15,98C;MIESZANKA STU 15OG;7,99;C;2;15,98;;G
C_ALMETTE MI% 15OG 3 x 6,19 18,57C;ALMETTE MI 15OG;6,19;C;3;18,57;;G
C_MAM.PEST.DYNI 15OG 1  5,O0 S,00C;MAM. PEST. DYNI 15OG;5,00;C;1;5,00;;G
A_LE CHEF 12O SZT 2 x 2,69 5,389;LE CHEF 12O SZT;2,69;;2;5,38;;SZT
C_KAJZERKA 50 G 10 x 0,39 3,90C;KAJZERKA 50 G;0,39;C;10;3,90;;G
C_SEREK HOM0G.150G 2 x 3,35 6,70C;SEREK HOM0G. 150G;3,35;C;2;6,70;;G
 C_OGÓREK 1SZT. 3 x 2,99 8,97;OGÓREK 1SZT.;2,99;;3;8,97;;SZT
 C_BANANY LUZ 1 175 x 6,99 8,21C;BANANY LUZ;6,99;C;1,175;8,21;;
 C_TWAROG PÓŁ.LUZ 0,807 x 5,58 4,50C;TWAROG PÓŁ. LUZ;5,58;C;0,807;4,50;;
yannyasśPnpoW4VUH iST 17,49 17,49A;yannyasśPnpoW4VUH;17,49;A;1;17,49;;SZT
nonpur9er200Og t 3S27T x2,63 7,89C;nonpur9er 200Og;2,63;C;3;7,89;;G
KLCPap1Szt H 1x7r *3'39 9'99*;KLC Pap;3,39;;3;9,99;;""
FoxyTornado1s y e:5Ś!,X,29,2,29A;Foxy Tornadois;2,29;A;1;2,29;;
OPpUŚr -'  Zv:2 H l9T x19,89 19,89A;OPpUŚr;19,89;A;1;19,89;;""
LudwikPłynNaczynia9OOk 47ra ą o:4;Ludwik Płyn Naczynia 9OOk;4,49;;1;;;
Schabcvańek''Vo91,1S1 X8,69 8,69A;SchabcvańekVo;8,69;A;1;8,69;;
ay.Py9dh=KlK9 t 0,43KG x27,90 12,OOr;"";27,90;;0,43;12,00;;KG
MimolettakG 1 nY,92KG 229,90 6,58C;Mimolettak 1,92KG;229,90;C;0,029;6,58;;KG
serserenadszwajcarKgY ,90 6,76;serserenadszwajcar Kg;28,90;;0,234;6,76;;KG
KSerToPiony100g t 1szT x2,19 2,19C;Ser To Piony 100g;2,19;C;1;2,19;;G
K.Ser Topiony 100g t 1SZT x2,19 2,19C;Ser Topiony 100g;2,19;C;1;2,19;;G
Smietana18%tł.400g t 2SZT x4,55 9,10C;Smietana 18% tł. 400g;4,55;C;2;9,10;;G
Śmiet.Łaciata18%330g t 2SZT x4,99 9,98C;Śmiet. Łaciata 18% 330g;4,99;C;2;9,98;;G
SerekHomog.150g t 4SZT x3,15 12,60C;Serek Homog. 150g;3,15;C;4;12,60;;G
4ct1y1aJogurt4x120g* t 1SZT x7,99 7,99C;Actiyia Jogurt 4x 120g;7,99;C;1;7,99;;G
ActiyiaJo9urt4x120g* t 1SZT x7,99 7,99C;Actiyia Jogurt 4x 120g;7,99;C;1;7,99;;G
SłynneMRRoślinne750gt 1SzT x10,99 10,99C;Słynne MRRoślinne 750g;10,99;C;1;10,99;;G
FantasiaJogurt102g t 4SzT x2,99 11,96C;Fantasia Jogurt 102g;2,99;C;4;11,96;;G
ActiyiaDoPicia2709* t 1SZT x4,69 4,69C;Actiyia Do Picia 2709;4,69;C;1;4,69;;SZT
ActiviaDoPicia270g* t 1SZT x4,69 4,69C;Activia Do Picia 270g;4,69;C;1;4,69;;G
GalbaniMozz* t 1SZT x12,89 12,89C;Galbani Mozz;12,89;C;1;12,89;;SZT
GalbaniMozz* t 1SZT x12,89 12,89C;Galbani Mozz;12,89;C;1;12,89;;SZT
PrimaveraWodaźród1L H 6SZT x1,75 10,50A;Primavera Wodaźród 1L;1,75;A;6;10,50;;L
Cebula żółta 1kg t 1SZT x3,99 3,99C;Cebula żółta 1kg;3,99;C;1;3,99;;KG
Kajzerka pszenna 55g t 6SZT x0,35 2,10C;Kajzerka pszenna 55g;0,35;C;6;2,10;;G
Bułka śniadaniowa 70g t 4SZT x0,99 3,96C;Bułka śniadaniowa 70g;0,99;C;4;3,96;;G
BasiaMąkaTortowaExtr t 4SZT x3,49 13,96C;Basia Mąka Tortowa Extr;3,49;C;4;13,96;;SZT
Cukier KryształBiałyi 10SZT x2,99 29,90B;Cukier Kryształ Białyi;2,99;B;10;29,90;;SZT
LubellaMakaronSpagh. t 1SZT x7,69 7,69C;Lubella Makaron Spagh.;7,69;C;1;7,69;;SZT
MajonezDekorac400ML i 1SZT x8,79 8,79B;Majonez Dekorac 400ML;8,79;B;1;8,79;;ML
GellwegalBorówka72g i 2SZT x1,99 3,98B;Gellwegal Borówka 72g;1,99;B;2;3,98;;G
KnorrFixSpaghettiBol i 3SZT x4,79 14,37B;Knorr Fix Spaghetti Bol;4,79;B;3;14,37;;SZT
MarsBaton51g H 2SZT x3,99 7,98A;Mars Baton 51g;3,99;A;2;7,98;;G
SnickersBaton50g H 2SZT x3,99 7,98A;Snickers Baton 50g;3,99;A;2;7,98;;G
BatMa9zorzWGorzCze* H 1SZT x3,59 3,59A;Bat Magzorz W Gorz Cze;3,59;A;1;3,59;;SZT
BatMagZOrzWGorzCze* H 1SZT x3,59 3,59A;Bat Mag Zorz W Gorz Cze;3,59;A;1;3,59;;SZT
CukierkiKopaln80g H 1SZT x3,79 3,79A;Cukierki Kopaln 80g;3,79;A;1;3,79;;G
23/OskrobaHotDog240g t 3SZT x3,99 11,97c;Oskroba Hot Dog 240g;3,99;C;3;11,97;;G
K.ChlebTost psą ,ż_ x3,49 10,47C;ChlebTost psą;3,49;C;3;10,47;;
MialsL.zt:UU9 t 1SZT x3 go o'A,;Mials;3,00;A;1;;;SZT
re|ohkalyrolska27Oo + 1czr ż, z,99C;"";5,99;C;1;;;""
IndykpolpaeńLx&żąY, t1S7 x5,89 5,89C;"";5,89;C;1;5,89;;""
"nnęY""""saoP0KalU09* t 1SZ27T x4,29 4'oA";"";4,29;A;1;4,29;;SZT
PolędwicaSopocka100g* t 1szr , 9a ź:14C;Polędwica Sopocka 100g;4,14;C;1;;;G
A_PIWO HOLBA 0,5 L 3 x 4,99 14,97A;PIWO HOLBA 0,5 L;4,99;A;3;14,97;;L
C_SEREK CAPRI 220G 3 x 4,00 12,00C;SEREK CAPRI 220G;4,00;C;3;12,00;;G
A_P%&S BLUE 100 1 x 19,99 19,99A;PS BLUE 100;19,99;A;1;19,99;;
A_WODA NIEGAZO.6-PAK 1 x 5,94 5,94A;WODA NIEGAZO. 6-PAK;5,94;A;1;5,94;;
ŁowickieUHT 3,2%t.1Lt 12SZT x3, 79 45,480;Łowickie UHT 3,2% t. 1L;3,79;0;12;45,48;;L
CMASŁO ŁACIATE 2ZOOG 12 x 9,99 119,88C;CMASŁO ŁACIATE 2ZOOG;9,99;C;12;119,88;;G
CHERBATNI. ZOO 2OOG 1 x 5,39 5,39C;CHERBATNI. ZOO 2OOG;5,39;C;1;5,39;;G
C_BUŁKI BUR6ER 220 G 1 x 5,09 5,09C;BUŁKI BUR6ER 220 G;5,09;C;1;5,09;;G
C_HAMBURGER 250G 1 x 3,99 3,99C;HAMBURGER 250G;3,99;C;1;3,99;;G
C_PASZTETO0WA 300G 1 x 2,89 2,89C;PASZTETO0WA 300G;2,89;C;1;2,89;;G
A_REGINA 10 SZT. 1 x 3,59 3,59A;REGINA 10 SZT.;3,59;A;1;3,59;;SZT
C_SEREK H0MO6,150G 3 x 2,79 8,37;SEREK HOMO, 150G;2,79;;3;8,37;;G
C_PUDDING 200G 2 x 2,35 4,70C;PUDDING 200G;2,35;C;2;4,70;;G
C_KAJZERKA 50 G 6 x 0,39 2,34C;KAJZERKA 50 G;0,39;C;6;2,34;;G
A_P8S BLUE 100 1 x 19,99 19,99A;PS BLUE 100;19,99;A;1;19,99;;
DA 0AZOWAN.3-FAK 1 x 7,14 7 19A;DA AZOWAN. 3-FAK;7,14;A;1;7,19;;
PLZ 3OLĄ 240 0 3 x 5,49 16 47C;PLZ OLĄ 240;5,49;C;3;16,47;;
M:RBATNI ZOO 2C0G 1 x 5,39 5 39;RBATNI ZOO 2C0G;5,39;;1;5,39;;G
JJA M 10SZT 2 x 8,99 1798;JJA M 10SZT;8,99;;2;17,98;;SZT
PRCRD3OŁ.KUR LUZ 0.642 x 7,5B 4 87C;PRCRD3OŁ. KUR LUZ;7,58;C;0,642;4,87;;
PRC RD3OŁ.KUR LUZ 0,496 x 7,5B 3 76C;PRC RDOŁ. KUR LUZ;7,58;C;0,496;3,76;;
BeTriso Special 20D t 3S2T x2,79 8,37C;Be Triso Special 20D;2,79;C;3;8,37;;SZT
Joyur c:aniliowy350g t 1SZTx279 2,79C e;Joyur caniliowy 350g;2,79;C;1;2,79;;G
K.Ser Topiony 100g t 2SZT x2,09 4,18C;Ser Topiony 100g;2,09;C;2;4,18;;G
Banany kg t 1,32KG x3,39 4,47C;Banany kg;3,39;C;1,32;4,47;;KG
Kajzerka pszenna 55g t 8SZT x0,35 2,80C;Kajzerka pszenna 55g;0,35;C;8;2,80;;G
GellweKwasekCytrynow H 2SZT x1,39 2,78A;Gellwe Kwasek Cytrynow;1,39;A;2;2,78;;SZT
K.Krem0rzechows75O i 1S2T x16,99 16,99A A;Krem Orzechows 75O;16,99;A;1;16,99;;SZT
KLC.Tymianek1OG i 1SZT x1,19 1,19B;KLC. Tymianek 1OG;1,19;B;1;1,19;;G
Galeo0regano8g t 1SZ x1,39 1,39C;Galeo Oregano 8g;1,39;C;1;1,39;;G
WiniaryRosołWoło180g t 3SZT x5,79 17,37C;Winiary Rosoł Woło 180g;5,79;C;3;17,37;;G
KinderBuenoBaton43g t 3SZT x3,79 11,37C o;Kinder Bueno Baton 43g;3,79;C;3;11,37;;G
K.ChlebTost.Psz5O0g t 2SZT x3,14 6,28C;Chleb Tost. Psz 5O0g;3,14;C;2;6,28;;G
MielonkaTyrolska270g t 1SZT x5,89 5,89C;Mielonka Tyrolska 270g;5,89;C;1;5,89;;G
STD.Parówki.Wp.750g t 1SZT x11,49 11,49C;STD. Parówki. Wp. 750g;11,49;C;1;11,49;;G
PasztetowaDrobiowa t 1SZT x2,79 2,79C;Pasztetowa Drobiowa;2,79;C;1;2,79;;SZT
MajonezDekorac7OOML 1 4S2T x14,99 59,96B;Majonez Dekorac 7OOML;14,99;B;4;59,96;;ML
KLC.TortillaPsze37Og t 2SZT x5,07 10,14;KLC. Tortilla Psze 37Og;5,07;;2;10,14;;G
K.ChlebTost.Psz5OOg t 2SŻT x2,99 5,98C;Chleb Tost. Psz 5OOg;2,99;C;2;5,98;;G
MielonkaTyrolska27Og t 1SZT x5,89 5,89C;Mielonka Tyrolska 27Og;5,89;C;1;5,89;;G
STDSzynkKonsKurc100g* t 1SZT x5,49 5,49C;STD Szynk Kons Kurc 100g;5,49;C;1;5,49;;G
STDSzynkKonsKurc100g* t 1SZT x5,49 5,49C;STD Szynk Kons Kurc 100g;5,49;C;1;5,49;;G
STDSzynkKonsKurc100gw t 1SZT x5,49 5,49C;STD Szynk Kons Kurc 100g;5,49;C;1;5,49;;G
STDSzynkKonsKurc1O0g t 1SZT x5,49 5,49C;STD Szynk Kons Kurc 100g;5,49;C;1;5,49;;G
STDSzynkKonsKurc100g* t 1SZT x5,49 5,49C;STD Szynk Kons Kurc 100g;5,49;C;1;5,49;;G
STDSzynkKonsKurc100gx t 1SZT x5,49 5,49C;STD Szynk Kons Kurc 100g;5,49;C;1;5,49;;G
STDSzynkKonsKurc100g t 1SZT x5,49 5,49C;STD Szynk Kons Kurc 100g;5,49;C;1;5,49;;G
STDSzynkKonsKurc100g* t 1SZT x5,49 5,49C;STD Szynk Kons Kurc 100g;5,49;C;1;5,49;;G
STDSzynkKonsKurc100g* t 1SZT x5,49 5,49C;STD Szynk Kons Kurc 100g;5,49;C;1;5,49;;G
STDSzynkKonsKurc100g* t 1SZT x5,49 5,490;STD Szynk Kons Kurc 100g;5,49;0;1;5,49;;G
JogurtMiikoTrus33Oml t 1Sr 3 99'3'99;Jogurt Miiko Trus 33Oml;3,99;;1;3,99;;ML
JogurtMilkoTrus33Oml t 1SZT x3,99 3,99C;Jogurt Milko Trus 33Oml;3,99;C;1;3,99;;ML
JogurtMilkoWiś33Oml t 1SZT x3,99 3,99C;Jogurt Milko Wiś 33Oml;3,99;C;1;3,99;;ML
oyu tMilkoTrus330ml* t 1SZT x3,99 3,99C;oyu Milko Trus 330ml;3,99;C;1;3,99;;ML
grtMilkoTrus33Oml* t 1SZT x3,99 3,99C;grt Milko Trus 33Oml;3,99;C;1;3,99;;ML
#TkaMrągowska1L* t 1SZT x5,49 5,49C;Tka Mrągowska 1L;5,49;C;1;5,49;;L
.ankaMrągowska1L* t 1SZT x5,49 5,49C;anka Mrągowska 1L;5,49;C;1;5,49;;L
rekHomoNatur15Og*t 1SZT x3,59 3,59C;rek Homo Natur 15Og;3,59;C;1;3,59;;G
r ekHonoNatur15Og*t 1SZT x3,59 3,59C;ekHonoNatur15Og;3,59;C;1;3,59;;G
er ekHomoNatur 15Og*t 1SZT x3,59 3,59C;ekHomoNatur 15Og;3,59;C;1;3,59;;G
BASwrekViomoNatur15Og*t 1SZT x3,59 3,59C;BA Swrek Viomo Natur 15Og;3,59;C;1;3,59;;G
JugurtMilkoTrus33Oml* t 1SZT x3,99 3,99C;Jugurt Milko Trus 33Oml;3,99;C;1;3,99;;ML
JogurtMilkoWis33Oml t 1SZT x3,99 3,99C;Jogurt Milko Wis 33Oml;3,99;C;1;3,99;;ML
JogurtMilk+i:::3Oml 1I x3,99 3,99C;Jogurt Milk 3Oml;3,99;C;1;3,99;;ML
wrtBrzoskMara35Og* t 19ZT X2.79 2.79C;wrt Brzosk Mara 35Og;2,79;C;1;2,79;;G
MiedzybórzJogNat330g* t 1SZT X.49 2.49t;Miedzybórz Jog Nat 330g;2,49;t;1;2,49;;G
JogurtMilkoTrus33Oml* t 1SZr x3 99'3'99r;Jogurt Milko Trus 33Oml;3,99;r;1;3,99;;ML
JogurtMilkoTrus33Oml* t 1SZT x3,99 3,99C;Jogurt Milko Trus 33Oml;3,99;C;1;3,99;;ML
JogurtMilkoWis33Oml t 1SZT x3,99 3,99C;Jogurt Milko Wis 33Oml;3,99;C;1;3,99;;ML
ogu tMilkoTrus330ml* t 1SZT x3,99 3,99C;ogu Milko Trus 330ml;3,99;C;1;3,99;;ML
gr tMilkoTrus33Oml* t 1SZT x3,99 3,99C;grt Milko Trus 33Oml;3,99;C;1;3,99;;ML
#lakaMrągowska1L* t 1SZT x5,49 5,49C;laka Mrągowska 1L;5,49;C;1;5,49;;L
lankaMrągowska1L* t 1SZT x5,49 5,49C;lanka Mrągowska 1L;5,49;C;1;5,49;;L
erekHomoNatur15Og*t 1SZT x3,59 3,59C;erek Homo Natur 15Og;3,59;C;1;3,59;;G
 ekHomoNatur15Og*t 1SZT x3,59 3,59C;ek Homo Natur 15Og;3,59;C;1;3,59;;G
a:*rekHomoNatur15Og*t 1SZT x3,59 3,59C;rek Homo Natur 15Og;3,59;C;1;3,59;;G
BASwrekHomoNatur15Og*t 1SZT x3,59 3,59C;BASwrek Homo Natur 15Og;3,59;C;1;3,59;;G
JugurtMilkoTrus33Oml t 1SZT x3,99 3,99C;Jugurt Milko Trus 33Oml;3,99;C;1;3,99;;ML
JogurtMilkoNis33Omlx c 1SZT x3,99 3,99C;Jogurt Milko Nis 33Oml;3,99;C;1;3,99;;ML
JogurtMilk+Yi ::3m 1 x3,99 3,99C;Jogurt Milk;3,99;C;1;3,99;;
wrtBrzoskMara35Og* t 19ZT 2.79 2.79C;wrt Brzosk Mara 35Og;2,79;C;1;2,79;;G
JogurtWaniliowy35Og* t 19l X279 ,9t;Jogurt Waniliowy 35Og;2,79;t;1;2,79;;G
MiedzybórzJogNat330g* t 1SZT X2.49 2.4YC;Miedzybórz Jog Nat 330g;2,49;C;1;2,49;;G
o94rtMilkoTrus33Oml* t 1gzr ą ąg'9,84.;Milko Trus 33Oml;3,99;;1;9,84;;ML
ogutMilkoTrus33Oml t 1SZT 3 99 ą'9;ogut Milko Trus 33Oml;3,99;;1;3,99;;ML
gutMilkoTrus33Omlx t 19SZT x3,99 3,99r;gut Milko Trus 33O ml;3,99;r;1;3,99;;ML
akaMrayowska1L* t 1SZT x5,49 5,49C;aka Mrayowska 1L;5,49;C;1;5,49;;L
ankaMrągowska1L* t 1SZT x5,49 5,49C;anka Mrągowska 1L;5,49;C;1;5,49;;L
r ekHomoNatur15Og*t 1SZT x3,59 3,59C;ek Homo Natur 15Og;3,59;C;1;3,59;;G
ekiomoNatur15Og*t 1SZT x3,59 3,59C;"";3,59;C;1;3,59;;SZT
ćerkHomoNatur15Og*t 1SZT x3,59 3,59C;ćerk Homo Natur 15Og;3,59;C;1;3,59;;G
ASvrekiomoNatur15Og*t 1SZT x3,59 3,59C;Svrekiomo Natur 15Og;3,59;C;1;3,59;;G
JugurtMilkoTrus330ml* t 1SZT x3,99 3,99C;Jugurt Milko Trus 330ml;3,99;C;1;3,99;;ML
JogurtMilkoWiś33O0mlx c 1SZT x3,99 3,99C;Jogurt Milko Wiś 33O0 ml;3,99;C;1;3,99;;ML
JogurtMilk:Yi30ml 12T x3,99 3,99C;Jogurt Milk 30ml;3,99;C;1;3,99;;ML
uwrtBr zoskMara35Og* t 192T x2./9 2.79C;uwrt Brzosk Mara 35Og;2,79;C;1;2,79;;G
JoyurtWaniliowy35Og* t 19l ,79 ź.,gc;Joyurt Waniliowy 35Og;2,79;c;1;;;G
MiedzvbórzJogNat330g* t 1S! ,49 ź.4Yt;Miedzvbórz Jog Nat 330g;2,49;t;1;;;G
9urtMlkorus33Oml t 1S2 x3,99 3 99C;urt Mlkorus 33Oml;3,99;C;1;3,99;;ML
JogurtMilkoWis33Oml= t 1SZT x3,99 3,99C;Jogurt Milko Wis 33Oml;3,99;C;1;3,99;;ML
oygutMilkoTrus33Oml* t 1SZT x3,99 3,99C;oygut Milko Trus 33Oml;3,99;C;1;3,99;;ML
grtMilkoTrus33Omlx t 1SZT x3,99 3,99C;grt Milko Trus 33O ml;3,99;C;1;3,99;;ML
#lkaMrągowska1L* t 1SZT x5,49 5,49C;lka Mrągowska 1L;5,49;C;1;5,49;;L
lankaMrągowska1L* t 1SZT x5,49 5,49C;lanka Mrągowska 1L;5,49;C;1;5,49;;L
rekHomoNatur150g*t 1SZT x3,59 3,59C;rek Homo Natur 150g;3,59;C;1;3,59;;G
ekomoNatur15Og*t 1SZT x3,59 3,59C;ekomo Natur 15Og;3,59;C;1;3,59;;G
kHomoNatur15Og*t 1SZT x3,59 3,59C;Homo Natur 15Og;3,59;C;1;3,59;;G
BAśwrekHomoNatur15Og*t 1SZT x3,59 3,59C;BAśwrek Homo Natur 15Og;3,59;C;1;3,59;;G
JogurtMilkoTrus330ml* t 1SzT x3,99 3,99C;Jogurt Milko Trus 330ml;3,99;C;1;3,99;;ML
JogurtMilko#iś33Omi t 1SzT x3,99 3,99C;Jogurt Milko iś 33O ml;3,99;C;1;3,99;;ML
o9urtMilk%i::3Om 1I x3,99 3,99C |;"";3,99;C;1;3,99;;
vuwrtBrzoskMara35Og* t 1SZT x2,79 2,79C;vuwrt Brzosk Mara35Og;2,79;C;1;2,79;;G
JogurtWaniliowy35Og* t 1SZT x2,79 2,79C;Jogurt Waniliowy 35Og;2,79;C;1;2,79;;G
MięedzybórzJogNat330g t 1SZT x2,49 2,49C;Mięedzybórz Jog Nat 330g;2,49;C;1;2,49;;G
ActiviaJogurt4x120g* t 1SZT x7,99 7,99C;Activia Jogurt 4x 120g;7,99;C;1;7,99;;G
ActiviaJogurt4x120g* t 1SZT x7,99 7,99C;Activia Jogurt 4x 120g;7,99;C;1;7,99;;G
ActiviaJogurt4x120g* t 1SZT x7,99 7,99C;Activia Jogurt 4x 120g;7,99;C;1;7,99;;G
ActiviaJogurt4x12Og* t 1SZT x7,99 7,99C;Activia Jogurt 4x 12Og;7,99;C;1;7,99;;G
viaJogurt4x12Og* t 1SZT x7,99 7,99C;via Jogurt 4x 12Og;7,99;C;1;7,99;;G
oSerekNiejski2OOg* t 1SZT x3,09 3,O9C;Serek Niejski 2OOg;3,09;C;1;3,09;;G
KWIATY SZTUCZNE 1 x25,00 25,88A;KWIATY SZTUCZNE;25,00;A;1;25,88;;
KWIATY SZTUCZNE 1 x22,00 22,88A;KWIATY SZTUCZNE;22,00;A;1;22,88;;
PAPIEROSY 1 x19,99 19,99A;PAPIEROSY;19,99;A;1;19,99;;
ARTDEKORACYJNE 1 x3,90 3,90A;ARTDEKORACYJNE;3,90;A;1;3,90;;
A_WODA NIEGAZO.6-PAK  x 5,94 5,94A;WODA NIEGAZO. 6-PAK;5,94;A;1;5,94;;
R_WODA GAZOWAN.6-PAK 1 x 7,14 ,1A;WODA GAZOWAN. 6-PAK;7,14;A;1;7,14;;
A_ZESZYT A5/80 2 x 3,99 7,98A;ZESZYT A5/80;3,99;A;2;7,98;;
C_LODY COLDINO 1L 1 x 8,79 8,79C;LODY COLDINO 1L;8,79;C;1;8,79;;L
C_LODY COLDINO B,1L 1 x 8,79 8,79C;LODY COLDINO B,1L;8,79;C;1;8,79;;L
A_PAPIER TOALET.MAXI 2 x 2,49 4,98A;PAPIER TOALET. MAXI;2,49;A;2;4,98;;
C_BANANY LUZ 0.960 x 6,99 6,71C;BANANY LUZ;6,99;C;0,960;6,71;;
C_ZIEMNIAK WCZ. LUZ 3,560 x 2,99 10,69C;ZIEMNIAK WCZ. LUZ;2,99;C;3,560;10,69;;
C_ZIEMNIAK WCZ LUZ 3,.275 x 2,99 9,79;ZIEMNIAK WCZ LUZ;2,99;;3,275;9,79;;
C_ZIEMNIAK WCZ LUZ 2.865 x 2,99 8,57C;ZIEMNIAK WCZ LUZ;2,99;C;2,865;8,57;;
C_ZIEMNIAK WCZ. LUZ 2,88O x 2,99 8,61C;ZIEMNIAK WCZ. LUZ;2,99;C;2,880;8,61;;
JajaŚciółkoweL10 t 3SZT x11,99 35,97C;Jaja Ściółkowe L10;11,99;C;3;35,97;;SZT
OsoleSólWarzonaJodow H 3SZT x3,49 10,47A;Osole Sól Warzona Jodow;3,49;A;3;10,47;;SZT
KnorrSosDoSałatekWło i 2SZT x1,65 3,30B;Knorr Sos Do Sałatek Wło;1,65;B;2;3,30;;SZT
KnorrSosDoSałatekWin i 2SzT x1,65 3,30B;Knorr Sos Do Sałatek Win;1,65;B;2;3,30;;SZT
KnorrSosDoSałatekGre 1 2SZT x1,65 3,30B;Knorr Sos Do Sałatek Gre;1,65;B;2;3,30;;SZT
KnorrDoMięs200g i 1SZT x7,99 7,99B;Knorr Do Mięs 200g;7,99;B;1;7,99;;G
yskie4xO,5lPuszka H 1S2 x12,92,9A;yskie 4x O,5l Puszka;12,99;A;1;12,99;;L
Nawózwarzyw1ky 1 192T x1,99 1,99B;Nawózwarzywiky;1,99;B;1;1,99;;SZT
soKoŁóWB19B9 1szr i4,9s 14,99c;soKoŁóW B19B9;14,99;c;1;14,99;;""
K-SMBurgerNoł22Og* t 1SZT x7,98 7,98C;SMBurger Noł 22Og;7,98;C;1;7,98;;G
K.Pizza 1kg t 3SZT x11,49 34,47C;Pizza 1kg;11,49;C;3;34,47;;KG
MlekoWypasione3,2%1L t 1SZT x4,49 4,49C;Mleko Wypasione 3,2% 1L;4,49;C;1;4,49;;L
MlekoWypasione3,2%1* t 1S7T x.49 449C;Mleko Wypasione 3,2% 1L;4,49;C;1;4,49;;L
MlekoWypasione3,2%1L* t 1SZT x4,49 4,49C;Mleko Wypasione 3,2% 1L;4,49;C;1;4,49;;L
JogurtMilko2ura33Oml t 1S2 x3,99 3,99C;Jogurt Milkoura 33Oml;3,99;C;1;3,99;;ML
NMlekpolKefir1l  9 ,r;NMlekpol Kefir 1l;2,99;r;1;;;L
Alnme:JurkwioloOy k 3 ,:9 a,99;Alnme Jurkwiolo Oy;3,99;;1;3,99;;
AlmetteSerekWie150g* t S7l,59 3,59C;Almette Serek Wie 150g;3,59;C;1;3,59;;G
SerekHomog.150g t 8S7 x3,15 25 20C;Serek Homog. 150g;3,15;C;8;25,20;;G
DrożdzeBabuniJ00g* H lzT xl,99 l.,99A;Drożdze Babuni 100g;1,99;A;1;1,99;;G
DrozdzeBabuni100yg* H 1S7 xi 99 l.,99A;Drozdze Babuni 100g;1,99;A;1;1,99;;G
C_SURÓWKA MEKS.300 G 4 x 1,59 6,36C;SURÓWKA MEKS. 300 G;1,59;C;4;6,36;;G
C_JAJA L%104 x 13,59 54,36C;JAJA;13,59;C;4;54,36;;
C_KAJZERKA 50 G6 x 0,392,34C;KAJZERKA 50 G;0,39;C;6;2,34;;G
MasloEkstra200g C 6 x9,49 56,94C;MasloEkstra200g;9,49;C;6;56,94;;G
HLEB PRASKI AGATn 1000GC 1SZT x8,95 3,95C;HLEB PRASKI AGATn 1000G;8,95;C;1;3,95;;G
HLEB PRASKI AGATA00GC 1SZT x8,95 95C;HLEB PRASKI AGATA 100G;8,95;C;1;8,95;;G
RZEMESZ MĄKA ZIE ACZANA 1kgC 4szt x6,99 27,96C;RZEMESZ MĄKA ZIE ACZANA 1kg;6,99;C;4;27,96;;KG
EIATAN CHRZAN TARTY 160gC 1szt x2,99 2,99C;EIATAN CHRZAN TARTY 160g;2,99;C;1;2,99;;G
ANANY 1 GATC 1,195kg x3,99 4,77C;ANANY 1 GAT;3,99;C;1,195;4,77;;KG
xa24tPHD ,0st C 2 x21,99 43,98C;"";21,99;C;2;43,98;;
P9B69t009 C 6 x9,49 56,94C;"";9,49;C;6;56,94;;
Setry A 1 szl*14.99 14,99A;Setry;14,99;A;1;14,99;;SZT
DegaPaprykarz250g t 1SZT x3,89 3,89C;Dega Paprykarz 250g;3,89;C;1;3,89;;G
DrOetkerBudyńWanilio t 3SZC x1,29 3,8zr;Dr Oetker Budyń Wanilio;1,29;;3;3,87;;SZT
KamisPieprzCzarnyZia i 1SZT x2,19 2,19B;Kamis Pieprz Czarny Zia;2,19;B;1;2,19;;SZT
KamisGoździki9g i 1SZT x2,19 2,19B;Kamis Goździki 9g;2,19;B;1;2,19;;G
KamisZiołaProwansals i 1SZT x2,19 2,19B;Kamis Zioła Prowansals;2,19;B;1;2,19;;SZT
OlejWielkopolski1l t 3SZT x8,49 25,47C;Olej Wielkopolski 1l;8,49;C;3;25,47;;SZT
HerbatnikiPetit400G t 1SZT x5,79 5,79C;Herbatniki Petit 400G;5,79;C;1;5,79;;G
KLCBiszkopty180g t 2SZT x3,59 7,18C;KLC Biszkopty 180g;3,59;C;2;7,18;;G
FamilijneWafle180g t 1SZT x2,99 2,99C;Familijne Wafle 180g;2,99;C;1;2,99;;G
Śmiejżelki kwaśne 180gH 1SZT x4,99 4,99A;Śmiejżelki kwaśne 180g;4,99;A;1;4,99;;G
WedelCzek.Gorz80%80gH 2SZT x11,99 23,98A;Wedel Czek. Gorz 80% 80g;11,99;A;2;23,98;;G
WedelCzekMleczna90g H 2SZT x7,99 15,98A;Wedel Czek Mleczna 90g;7,99;A;2;15,98;;G
BułkiHambuSezam6x50g t 1SZT x5,49 5,49C;Bułki Hambu Sezam 6x 50g;5,49;C;1;5,49;;G
ZWYCZAJNA W C 1.59-*38,10;ZWYCZAJNA W;38,10;C;1,59;38,10;;
PASZTETOWA C O.,09-35.8O 3,22C;PASZTETOWA;35,80;C;0,09;3,22;;
CHLEB C 2 -11.50 23,00C;CHLEB;11,50;C;2;23,00;;
CUKTERK LUZ A 13,76 3,76A;CUKTERK LUZ;3,76;A;1;3,76;;
KOAC7YK PACZEK C 2-3,90 7,80C;KOAC7YK PACZEK;3,90;C;2;7,80;;
Wk1ad Parafino H 2SZT x9,99 19,98A;Wk1ad Parafino;9,99;A;2;19,98;;SZT
unw'e'koP0SKll t 3SZT x8,49 25,47C;unweko POSKll;8,49;C;3;25,47;;SZT
YanoHiamburger20Dy t 2SZT x2,63 5,26C;Yano Hiamburger;2,63;C;2;5,26;;SZT
SerSerenadaBabunkG t 0,29KG x26,90 7,800;Ser Serenada Babunk;26,90;0;0,29;7,80;;KG
KurczakGotowany t 0,346K6 x26,90 9,31C;Kurczak Gotowany;26,90;C;0,346;9,31;;KG
KurczakGotowany t O,664K5 x26,9O 17,86C;Kurczak Gotowany;26,90;C;0,664;17,86;;KG
K-SMMieloneZFilKurcz* t 1S2T x9,99 9,99C;Mielone Z Fil Kurcz;9,99;C;1;9,99;;SZT
K-SMSercaZKurcz400Og* t 1SzT x4,88 9,88C;Serca Z Kurcz 400Og;4,88;C;1;4,88;;G
HortexZupaJesienna t 2SZT x5,00 10,00C;Hortex Zupa Jesienna;5,00;C;2;10,00;;SZT
TwarójPółtłusty250G t 2SZT x5,79 11,58C;Twarój Półtłusty 250G;5,79;C;2;11,58;;G
ŁowickieUHT 3,2%t.1Lt 12SZT x3,79 45,48C;Łowickie UHT 3,2% t. 1L;3,79;C;12;45,48;;L
MlekpolKefir1l t 4SZT x5,99 23,96C;Mlekpol Kefir 1l;5,99;C;4;23,96;;SZT
śmietana18%tł.400g t 1SZT x5,19 5,19C;śmietana 18% tł. 400g;5,19;C;1;5,19;;G
SerekHomog.150g t 2SZT x3,15 6,30c;Serek Homog. 150g;3,15;c;2;6,30;;G
BułkiHambSezam300g t 2SZT x3,32 6,64C;Bułki Hamb Sezam 300g;3,32;C;2;6,64;;G
Sety A 1 szt*9.99 9,994;Sety;9,99;4;1;9,99;;szt
ux żelŻdo prania Color 53O0 gŻ A 1 szt*39,993999;ux żel do prania Color 53O0 g;39,99;;1;39,99;;G
Podkoszulki daMskie A 1 zt*9.99 9,99;Podkoszulki daMskie;9,99;;1;9,99;;zt
nie dzieoięce od 105 oM d0 158 cM A 1 szt*4.999;nie dzieoięce od 105 oM d0 158 cM;4,99;;1;4,99;;szt
onie dzieoięce od 105 cM do 158 cM A 1 szt*4.9999;onie dzieoięce od 105 cM do 158 cM;4,99;;1;4,99;;szt
onie dziecięce od 105 oM do 158 cM A 1 szt*4,9999;onie dziecięce od 105 oM do 158 cM;4,99;;1;4,99;;szt
onie dziecięce od 105 o1 do 158 oM A 1 szt*4.9949;onie dziecięce od 105 o1 do 158 oM;4,99;;1;4,99;;szt
odnie dziecięce od 105 o1 do 158 o1 A 1 szt*4.9999;odnie dziecięce od 105 o1 do 158 o1;4,99;;1;4,99;;szt
podnie dziecięce od 105 oM do 158 cM A 1 szt*4,9999;podnie dziecięce od 105 oM do 158 cM;4,99;;1;4,99;;szt
onie dziecięce od 105 o1 do 158 cM A 1 szt*49999;onie dziecięce od 105 o1 do 158 cM;4,99;;1;4,99;;szt
Spodnie jeans daM0kie A 1 szt*14,99 1499;Spodnie jeans daM0kie;14,99;;1;14,99;;szt
Bizy, polay A 1 szt*17.99 1798A;Bizy, polay;17,99;A;1;17,99;;szt
Buzy, olay A 1 ezt*1799 -1798A;Buzy, olay;17,99;A;1;17,99;;ezt
DYDEGREAŚER SPR4Y 7OO L (ODTEUSZC A 1z*1499149;DYDEGREAŚER SPR4Y 7OO L;14,99;A;1;14,99;;L
Spodnie daMkie pozostałe A 1 szt*11.99 11,99;Spodnie daMkie pozostałe;11,99;;1;11,99;;szt
.DA GAZOWAN.5-FAK 1 x 7,14 7 149;DA GAZOWAN. 5-FAK;7,14;;1;7,14;;
LKUC1ENNA  KG 1 x 1,89 1 899;LKUC1ENNA  KG;1,89;;1;1,89;;KG
MNJ.D:KOK. 25CML 2 x 6,45 12 909;MNJ. DKOK. 25ML;6,45;;2;12,90;;ML
S:REKC4PRI 220C 6 x 3,02 18 12;S:REKC4PRI 220;3,02;;6;18,12;;
FB.D''N 4JG 0 x 1,39 12 51;FB. DN 4KG;1,39;;9;12,51;;G
IET.L3CIATA 330G 2 x 3,99 7 98;IET. LCIATA 330G;3,99;;2;7,98;;G
J.0URT 400G 3 x 3,25 9 75;JOGURT 400G;3,25;;3;9,75;;G
2OSNEK GRAN. 8C G 1 x 3,49 3 49C;OSNEK GRAN. 8;3,49;C;1;3,49;;
:LATYN3 SPOZ 50G 1 x 4,99 4 99B;LATYN3 SPOZ 50G;4,99;B;1;4,99;;G
B:.STI.1IG. 120 ML 3 x 9,99 29 97;STI. IG. 120 ML;9,99;;3;29,97;;ML
K:PUSTA WCZESNA 1 x 2,99 2 99C;K:PUSTA WCZESNA;2,99;C;1;2,99;;
CHLEB PRASKT HCATA 1OU0C;CHLEB PRASKT HCATA 1OU0;0,00;;1;;;
NICZŁK JAJKA 1O SZTC;NICZŁK JAJKA 1O SZT;0,00;C;1;;;SZT
Z PIECA KRUPNIOKC 1 szt 1,25=,25;Z PIECA KRUPNIOKC;1,25;C;1;1,25;;szt
C_JAJA Z0M 3 x 15,99 47,97C;JAJA Z0M;15,99;C;3;47,97;;
A_WODA GAZOWAN.6-PAK 1 x 7,14 7,19A;WODA GAZOWAN. 6-PAK;7,14;A;1;7,19;;
C_KAPUSTA WCZESNA 2 x 2,99 5,98C;KAPUSTA WCZESNA;2,99;C;2;5,98;;
C_ZOŚKA WAFEL.50G 2 x 1,50 3,00C;ZOŚKA WAFEL. 50G;1,50;C;2;3,00;;G
C_ZOŚKA WAFEL.50G 2 x 1,50 3,00C;ZOŚKA WAFEL. 50G;1,50;C;2;3,00;;G
CWNAFLE/POLEWA 2500 2 x 6,29 12,58C;CWNAFLE/POLEWA 2500;6,29;C;2;12,58;;
A_SAMELLE CHU.10SZT, 1 x 2,99 2,99A;SAMELLE CHU. 10SZT;2,99;A;1;2,99;;SZT
CGE.STI.MIG. 120 ML 3 x 12,99 38,97C;CGE. STI. MIG. 120 ML;12,99;C;3;38,97;;ML
A_CHUSTECZKI 150SZT 1 x 4,09 4,09A;CHUSTECZKI 150SZT;4,09;A;1;4,09;;SZT
C_BANANY LUZ O,870 x 6,99 6,08C;BANANY LUZ;6,99;C;0,870;6,08;;
A_L%M FIR.C. 1 x 19,50 19,50A;LM FIR. C.;19,50;A;1;19,50;;
nxA 7 KOSCIAC 1,392kg x24,95 34,73;nxA 7 KOSCIAC;24,95;;1,392;34,73;;kg
"'OaoiRnSV""""R lF"""" KS 100 20stA 1szt. x19,99 19,99";OaoiRnSVRlF KS 100 20 szt;19,99;A;1;19,99;;szt
CHLEB PRASKI AGATA 1000GC 1SZT x8,95 8,95C;CHLEB PRASKI AGATA 1000G;8,95;C;1;8,95;;G
Makrela wędzona* t 0,273KG x31,90 8,71C;Makrela wędzona;31,90;C;0,273;8,71;;KG
KLCPap1Szt H 1S2T x2,99 2,99A;KLC Pap 1Szt;2,99;A;1;2,99;;SZT
SchabŚnieżnyKg t 0,36KG x29,90 10,76C;Schab Śnieżny Kg;29,90;C;0,36;10,76;;KG
SalcesonJakDawniejt 0,248KG x19,90 4,94C;Salceson Jak Dawniej;19,90;C;0,248;4,94;;KG
poledwicaSopockaKgt 0,382KG x19,90 7,60C;poledwica Sopocka Kg;19,90;C;0,382;7,60;;KG
2,036KG x5,99 12,20C;"";5,99;C;2,036;12,20;;KG
Wkład parafino H 4SZT x9,99 39,96A;Wkład parafino;9,99;A;4;39,96;;SZT
oPUS kdP zr.sŚPś. y 1ęzr x5 99 5,99A;oPUS kdP zr. sŚPś. y ęzr;5,99;A;1;5,99;;
Patyczki szas1Vk0W  1z!,Y,a13'9a;Patyczki szasłVkoW;13,99;a;1;;;""
GalbaniMozz* t 1Sś xl./9 2,96;Galbani Mozz;2,96;;1;2,96;;SZT
Taróg pó1tł1. A2A2 230g*t;Taróg pó tł.;0,00;t;1;;;
PPP1SZT x8,99 8,99C;PPP 1SZT;8,99;C;1;8,99;;SZT
Ailpro Yog Soj 400g* i 1S x9.99 9,998;Ailpro Yog Soj 400g;9,99;8;1;9,99;;G
AilproSkyrNatural400g* i 1S2T x9.,99 9.99;Ailpro Skyr Natural 400g;9,99;;1;9,99;;G
KLc.JogurtProteinBrz-mar20O9t;KLc. Jogurt Protein Brz-mar20O9;0,00;t;1;;;
KLc.JogurtProteinBrz mar2QQ;KLc. Jogurt Protein Brz marQQ;0,00;;1;;;
KRITKRIJogGrecki150g* t 1S2T x3,59 3,59C;KRITKRI Jog Grecki 150g;3,59;C;1;3,59;;G
KRIKRIJogGrecki150g* t 1S2T x3,59 3,59C;KRIKRI Jog Grecki 150g;3,59;C;1;3,59;;G
KRIKRIJogGrecki150g* t 1SZT x3,59 3,59C;KRIKRI Jog Grecki 150g;3,59;C;1;3,59;;G
KRIJogGrecki150g* t 1SZT x3,59 3,59C;KRI Jog Grecki 150g;3,59;C;1;3,59;;G
SerekWysokobiał150G* t 1SZT x3,99 3,99C;Serek Wysokobiał 150G;3,99;C;1;3,99;;G
SerekWysokobia1150G* t 1SZT x3,99 3,99C;Serek Wysokobia 1150G;3,99;C;1;3,99;;G
Fantasia jogurt 102g t 6SZT x2,99 17,94C;Fantasia jogurt 102g;2,99;C;6;17,94;;G
STD.Kefir naturalny 1kg PET t;STD. Kefir naturalny 1kg PET;0,00;t;1;;;KG
Puchatek600g H 1SZT x14,99 14,99A;Puchatek 600g;14,99;A;1;14,99;;G
Bułka poznańska 75g t 8SZT x0,72 5,76C;Bułka poznańska 75g;0,72;C;8;5,76;;G
ŚledźWOleju170G t 4SZT x4,49 17,96C;Śledź W Oleju 170G;4,49;C;4;17,96;;G
WiniaryPrzyprawaWPły i 1SZT x9,79 9,79B;Winiary Przyprawa W Pły;9,79;B;1;9,79;;SZT
Bułka tarta 500g t 1SZT x4,71 4,71C;Bułka tarta 500g;4,71;C;1;4,71;;G
KrakusChrzan180G t 1SZT x3,49 3,49C;Krakus Chrzan 180G;3,49;C;1;3,49;;G
STD.Chrzan190g t 1SZT x3,49 3,49C;STD. Chrzan 190g;3,49;C;1;3,49;;G
KucharekBarszczCzerw t 2SZT x1,75 3,50C;Kucharek Barszcz Czerw;1,75;C;2;3,50;;SZT
PrymatCebulaSuszona t 1SZT x1,59 1,59C;Prymat Cebula Suszona;1,59;C;1;1,59;;SZT
PrymatCzosnekGranulo t 1SZT x1,59 1,59C;Prymat Czosnek Granulo;1,59;C;1;1,59;;SZT
PrymatCynamonMielony i 1SZT x1,59 1,59B;Prymat Cynamon Mielony;1,59;B;1;1,59;;SZT
KucharekRosółWołowy t 2SZT x3,99 7,98C;Kucharek Rosół Wołowy;3,99;C;2;7,98;;SZT
KucharekPrzyprawaDoP i 1SZT x6,99 6,99B;Kucharek Przyprawa DoP;6,99;B;1;6,99;;SZT
KamisPieprzCzarnyMie i 1SZT x2,19 2,19B;Kamis Pieprz Czarny Mie;2,19;B;1;2,19;;SZT
KamisZieleAngielskie i 1SZT x2,19 2,19B;Kamis Ziele Angielskie;2,19;B;1;2,19;;SZT
KamisKminek20g i 1SZT x2,19 2,19B;Kamis Kminek 20g;2,19;B;1;2,19;;G
KamisSłCzosGran55g t 1SZT x6,99 6,99C;Kamis Sł Czos Gran 55g;6,99;C;1;6,99;;G
PrincessaLonga0Orzech t 9SZT x2,29 20,61C;Princessa Longa Orzech;2,29;C;9;20,61;;SZT
KitKatChunkyBaton42g t 4SZT x3,49 13,96C;KitKat Chunky Baton 42g;3,49;C;4;13,96;;G
K1tKatChunkyBaton40g t 4SZT x3,49 13,96C;KitKat Chunky Baton 40g;3,49;C;4;13,96;;G
TicTac miętowy 54g H 1SZT x6,99 6,99A;TicTac miętowy 54g;6,99;A;1;6,99;;G
Buł#kiHambŚezam300g t 4SZT x5,49 21,96C;Bułki Hamb Śezam 300g;5,49;C;4;21,96;;G
K.ChlebTost.Psz5O0g t 2SZT x2,49 4,98C;Chleb Tost. Psz 5O0g;2,49;C;2;4,98;;G
KrakusBoczekRol100g* t 1SZT x6,49 6,49C;Krakus Boczek Rol 100g;6,49;C;1;6,49;;G
KrakusBoczekRol100g* t 1SZT x6,49 6,49C;Krakus Boczek Rol 100g;6,49;C;1;6,49;;G
STDmielonkaTyrol270g t 1SZT x5,89 5,89C;STD mielonka Tyrol 270g;5,89;C;1;5,89;;G
ParówkiZSzynk1200g* t 1SZT x4,49 4,49C;Parówki Z Szynk 1200g;4,49;C;1;4,49;;G
STDfiletZind100g* t 1SZT x5,99 5,99C;STD filet Zind 100g;5,99;C;1;5,99;;G
STDfiletzind100g* t 1SZT x5,99 5,99C;STD filetzind 100g;5,99;C;1;5,99;;G
STDfiletZind100g* t 1SZT x5,99 5,99C;STDf ilet Zind 100g;5,99;C;1;5,99;;G
R_SÓL KUCHENNA 1 K0 4 x 1,79 7,16A;SÓL KUCHENNA 1 KG;1,79;A;4;7,16;;KG
C_BUŁKA TARTA 500G 6 x 4,19 25,14C;BUŁKA TARTA 500G;4,19;C;6;25,14;;G
A_AROMATY 9 ML 1 x 1,29 1,29A;AROMATY 9 ML;1,29;A;1;1,29;;ML
A_WODA NIEGAZO.6-PAK 2 x 5,94 11,88A;WODA NIEGAZO. 6-PAK;5,94;A;2;11,88;;
A_WODA GAZOWAN.6-PAK 1 x 5,94 5,94A;WODA GAZOWAN. 6-PAK;5,94;A;1;5,94;;
C_WIÓRKI KOKOS. 200G 1 x 5,99 5,99C;WIÓRKI KOKOS. 200G;5,99;C;1;5,99;;G
B_CUKIE. WANILIN.48G 1 x 1,69 1,69B;CUKIE. WANILIN. 48G;1,69;B;1;1,69;;G
C_BUDYN 40G 3 x 1,19 3,57C;BUDYN 40G;1,19;C;3;3,57;;G
C_SuR6WKA/C.KA.300 G 1 x 1,99 1,99C;SuRWKA C. KA. 300 G;1,99;C;1;1,99;;G
A_JAN N.F. 10 M 1 x 5,99 5,99A;JAN N. F. 10 M;5,99;A;1;5,99;;
C_HERBATN. TEA 4O0G 1 x 4,95 4,95C;HERBATN. TEA 4O0G;4,95;C;1;4,95;;G
C_PIZZA 1 K0 2 x 11,49 22,98C;PIZZA 1 KG;11,49;C;2;22,98;;KG
C_JAJA 20M 2 x 10,91 21,82C;JAJA 20M;10,91;C;2;21,82;;
C_KUKURYDZA HB 285 G 1 x 9,19 9,19C;KUKURYDZA HB 285 G;9,19;C;1;9,19;;G
A_ŚWIATEŁKO 96H 1SZT 3 x 9,95 14,85A;ŚWIATEŁKO 96H 1SZT;9,95;A;3;14,85;;SZT
C_ZUREK ŚLĄSKI 46 0 3 x 1,99 5,97C;ZUREK ŚLĄSKI 46 0;1,99;C;3;5,97;;
A_L8M FIR.RED 1 x 20,50 20,50A;LM FIR. RED;20,50;A;1;20,50;;
MiesoMielSzynWp400G*t 1SzT x13,59 13,59C;Mieso Miel Szyn Wp 400G;13,59;C;1;13,59;;G
K-SMPorcjaRosKurcz*t 0,659KG x6,99 4,61C;Porcja Ros Kurcz;6,99;C;0,659;4,61;;KG
K-SMSercaZKurcz400g* t 1SZT x4,88 4,88C;Serca Z Kurcz 400g;4,88;C;1;4,88;;G
k-SMSercazZkurcz400g* t 1SZT x4,88 4,88C;Sercaz Z kurcz 400g;4,88;C;1;4,88;;G
KSMSercaZKurcz40Og* t 1S2T x4,88 4,88C;Serca Z Kurcz 40Og;4,88;C;1;4,88;;G
K-SMSercaZKurcz400g* t 1SZT x4,88 4,88C;Serca Z Kurcz 400g;4,88;C;1;4,88;;G
K-SMSercaZKurcz400g* t 1SZT x4,88 4,88C;Serca Z Kurcz 400g;4,88;C;1;4,88;;G
MlekoŁaciate3,2%1l t 12SZT x4,19 50,28C;Mleko Łaciate 3,2% 1l;4,19;C;12;50,28;;L
MlekpolKefir1l t 1SZT x5,99 5,99C;Mlekpol Kefir 1l;5,99;C;1;5,99;;L
K.SerTopiony100g t 1SZT x2,19 2,19C;Ser Topiony 100g;2,19;C;1;2,19;;G
Kajzerka pszenna 55g t 2SZT x0,35 0,70C;Kajzerka pszenna 55g;0,35;C;2;0,70;;G
BułkiHambSezam300g t 2SZT x6,65 13,30C;Bułki Hamb Sezam 300g;6,65;C;2;13,30;;G
BułkiHotDog250g t 2SZT x5,19 J,38C;Bułki Hot Dog 250g;5,19;C;2;10,38;;G
Serdelkizciele300g* t 1SZT x10,99 10,99C;Serdelkizciele 300g;10,99;C;1;10,99;;G
Serdelkizciele300g* t 1SZT x10,99 10,99C;Serdelkizciele 300g;10,99;C;1;10,99;;G
Serdelkizciele300g* t 1SZT x10,99 10,99C;Serdelkizciele 300g;10,99;C;1;10,99;;G
STDSzynkKonsKurc100g* t 1SZT x3,99 3,99C;Szynk Kons Kurc 100g;3,99;C;1;3,99;;G
STDSzynkKonsKurc100g* t 1SZT x3,99 3,99C;Szynk Kons Kurc 100g;3,99;C;1;3,99;;G
STDkiełbasaParów500g* t 1SZT x8,95 8,95C;kiełbasa Parów 500g;8,95;C;1;8,95;;G
STDkiełbasa a. J3w50Cg t 1 x8, 8,95C;kiełbasa 500g;8,95;C;1;8,95;;G
STDkiełbasaParów500g* t 1SZ8,95 8,95C;kiełbasa Parów 500g;8,95;C;1;8,95;;G
STDkiełbasaParów500g* t 1S2T,95 8,95C;kiełbasa Parów 500g;8,95;C;1;8,95;;G
MielonkaTyrolska270g t 1S  5,89 5,89C;Mielonka Tyrolska 270g;5,89;C;1;5,89;;G
SuKiwnka A 1 szt*5O.00 50,0A;SuKiwnka;50,00;A;1;50,00;;SZT
lptaszcZe, skÓry nieoci A 1 sz1*19,99 19,99;lptaszcze, skóry nieoci;19,99;;1;19,99;;""
  opecjala A 1 6Zl*7,99 7,984;opecjala;7,99;4;1;7,98;;""
ptaGzczZe, %KÓry ciepl A 1 zt*24,99 24,99;ptagzczze, KÓry ciepl;24,99;;1;24,99;;""
riopLane A 1 9Zl*14,99 14,99A;riop Lane;14,99;A;1;14,99;;""
KZYCZAJNA. W C 0.985 -#38.10;KZYCZAJNA. W;38,10;C;0,985;;;
PASZTETOWA M C 0.125 -*35.,80 4,48C;PASZTETOWA M;35,80;C;0,125;4,48;;
CHLEB C 1 -*12.00 12,00C;CHLEB;12,00;C;1;12,00;;
CUKIERKI LUZ A 1 -*3,37 3,37A;CUKIERKI LUZ;3,37;A;1;3,37;;
BANAN C 1 -*4.18 4,18C;BANAN;4,18;C;1;4,18;;
MLEKO UHT 3.Z% 1 L 1 X 69 1A'ą0;MLEKO UHT 3.2% 1 L;1,69;;1;;;L
ąBRYKIE BBQ 2,5 KC 2 x 9,99 19,98A;BRYKIE BBQ 2,5 KG;9,99;A;2;19,98;;KG
RWODR'NEGA/O.6-PAMK 2 x 5,94 1,88A;RWODR NEGAO. 6-PAMK;5,94;A;2;11,88;;
AWODA RA/OWAN.6-PpK 1 x 7,14 7,1A;AWODA RAOWAN. 6-PpK;7,14;A;1;7,14;;
R8UB9o9F#'Osn2   3,19,19C;"";3,19;C;1;3,19;;
CSUR POREM 452o 0 1 * 3'19 3,;CSUR POREM 452o 0;3,19;;1;3,19;;
CSURZPKM,A2op6 3  3'n9 '18r;CSURZPKM,A2op6;3,19;r;3;;;
CCHLEBOST0WY 500G j,X,3,Y9ą ,8;CCHLEBOST0WY 500G;3,99;;1;;;G
CKAJZERKA 50 G 100-9\;CKAJZERKA 50 G;0,00;;100;;;G
CHLEB C 2 -*11.50 23,00C;CHLEB;11,50;C;2;23,00;;
CHLEB C 1 -*12.00 12,00C;CHLEB;12,00;C;1;12,00;;
KOŁACZYK,PACZEK C 1 -*3,90 3,9OC;KOŁACZYK, PACZEK;3,90;C;1;3,90;;
KOŁACZYK,P4CZEK C 1 -*4.00 4,O0C;KOŁACZYK, PACZEK;4,00;C;1;4,00;;
CEBULA C 1 -#2.01 2,01C;CEBULA;2,01;C;1;2,01;;
CEBULA C1 -*1.59 1,59C;CEBULA;1,59;C;1;1,59;;
SAŁATA 7TELONA C 1 -5.00 5,00C;SAŁATA 7TELONA;5,00;C;1;5,00;;
YanoHamburger2OOg t 2SZT x2,63 5,26C;YanoHamburger2OOg;2,63;C;2;5,26;;G
1,974KG x24,99 49,33C;"";24,99;C;1,974;49,33;;KG
K-SMWątrobaZKur400g* t 1SZT x4,88  3C;Wątroba Z Kur 400g;4,88;C;1;4,88;;G
K-SMWątrobaZKur400g* t 1SZT x4,8 ,88C;K-Wątroba Z Kur 400g;4,88;C;1;4,88;;G
K-SMPorcjaRosKurcz*t 0,595KG x6,99 4,16C;Porcja Ros Kurcz;6,99;C;0,595;4,16;;KG
K-SMSercaZKurcz400g* t 1SZT x4,88 4,88C;Serca Z Kurcz 400g;4,88;C;1;4,88;;G
K-SMSercaZKurcz400g* t 1SZT x4,88 4,88C;Serca Z Kurcz 400g;4,88;C;1;4,88;;G
K-SMSercaZKurcz400g* t 1SZT x4,88 4,88C;Serca Z Kurcz 400g;4,88;C;1;4,88;;G
K-SMSercaZKurcz400g* t 1SZT x4,88 4,88C;Serca Z Kurcz 400g;4,88;C;1;4,88;;G
K-SMŻo1ądkiZKur400g* t 1S7T x4,88 4,88C;Żołądki Z Kur 400g;4,88;C;1;4,88;;G
STD.PierogiTrusk1kg t 1SZT x8,99 8,99C;Pierogi Trusk 1kg;8,99;C;1;8,99;;KG
SierpcSerekCapri220g* t 1SZT x5,99 5,99C;Sierpc Serek Capri 220g;5,99;C;1;5,99;;G
SierpcSerekCapri220g* t 1SZT x5,99 5,99C;Sierpc Serek Capri 220g;5,99;C;1;5,99;;G
Jogurtw. niliowy350g t 3SZT x2,99 8,97C;Jogurtw. niliowy 350g;2,99;C;3;8,97;;G
SBASerekwiejski200g* t 1SZT x3,89 3,89C;Serekwiejski 200g;3,89;C;1;3,89;;G
JogurtTrusk350g t 3SZT x2,99 8,97C;Jogurt Trusk 350g;2,99;C;3;8,97;;G
SBASerekWiejski200g* t 1SZT x3,89 3,89C;Serek Wiejski 200g;3,89;C;1;3,89;;G
SBASerekWiejski200g* t 1SZT x3,89 3,89C;Serek Wiejski 200g;3,89;C;1;3,89;;G
SBASerekWiejski200g* t 1SZT x3,89 3,89C;Serek Wiejski 200g;3,89;C;1;3,89;;G
SBASerekWiejski200g t 1SZT x3,89 3,89C;Serek Wiejski 200g;3,89;C;1;3,89;;G
Puchatek600g H 1SZT x16,99 16,99A;Puchatek 600g;16,99;A;1;16,99;;G
Bułka grahamka 7Og t 8SZT x0,79 6,32C;Bułka grahamka 7Og;0,79;C;8;6,32;;G
KrólowaMąkTortowych t 10SZT x3,59 35,90C;Królowa Mąk Tortowych;3,59;C;10;35,90;;SZT
PrymatMieszDoOgórkówi 14SZT x3,49 48,86B;Prymat Miesz Do Ogórkówi;3,49;B;14;48,86;;SZT
MambaGuma106g H 1SZT x3,59 3,59A;Mamba Guma 106g;3,59;A;1;3,59;;G
FamilijjneWafle180g t 1SZT x3,49 3,49C;Familijjne Wafle 180g;3,49;C;1;3,49;;G
WafleŚmiet180g t 1SZT x3,49 3,49C;Wafle Śmiet 180g;3,49;C;1;3,49;;G
BułkiHambSezam300g 2SZT x6,65 13,30C;Bułki Hamb Sezam 300g;6,65;C;2;13,30;;G
K.ChlebTost.Psz500g t 1SZT x2,99 2,99C;Chleb Tost. Psz 500g;2,99;C;1;2,99;;G
A_L&M FIR.RED 1 x 20,50 20,50A;L&M FIR. RED;20,50;A;1;20,50;;
CALEB PRĄSKI AGATA 1O00DC;CALEB PRĄSKI AGATA 1O00D;0,00;;1;;;
 LEWIATAN DŻEM TRUS/0KR 27OC;LEWIATAN DŻEM TRUS/0KR 27O;0,00;;1;;;
0CZ REKC 0,H85 g  26,99 = 13,09 ;0CZ REKC 0,85kg;26,99;;0,485;13,09;;KG
 C_OLEJ WIELKOP.1L 2 x 10,99 21,98C;OLEJ WIELKOP. 1L;10,99;C;2;21,98;;L
 C_CHLEB TOSTOWY 5006  x 3,09 3,09C;CHLEB TOSTOWY;3,09;C;1;3,09;;
 CJAJA SPOŻ.10M x 10,99 43,96C;CJAJA SPOŻ. 10M;10,99;C;4;43,96;;
AL_DAVIDOFF E. R.10O 20,99 20,99A;AL_DAVID OFF E. R. 10O;20,99;A;1;20,99;;
YanoHammburger2OOg t 3S2T x2,63 7,89C;Yano Hammburger 2OOg;2,63;C;3;7,89;;G
STD pierogi szpinak* t 1S2T x5,10 5,10C;pierogi szpinak;5,10;C;1;5,10;;SZT
STD pierogi szpinak* t 1S2T x5,10 5,10C;pierogi szpinak;5,10;C;1;5,10;;SZT
KLCŚledzneOpiekane t 1SZT x8,99 8,99C;Śledzne Opiekane;8,99;C;1;8,99;;SZT
STD pierogi szpinak* t 1SZT x5,10 5,10C;pierogi szpinak;5,10;C;1;5,10;;SZT
STD pierogi szpinuk* t 1SZT x5,0 5,10C;pierogi szpinuk;5,10;C;1;5,10;;SZT
SokołówSchabSołtysaLuz t;Sokołów Schab Sołtysa Luz;0,00;t;1;0,00;;
SerZ+otyMazurKG t 0,524KG x24,90 13,05C;Ser Zoty Mazur KG;24,90;C;0,524;13,05;;KG
SierpcSerkról t 0,468KG x29,90 13,99C;Sierpc Ser król;29,90;C;0,468;13,99;;KG
ŁopatkawpBezKościt 3,505KG x18,99 66,56C;Łopatkawp Bez Kości;18,99;C;3,505;66,56;;KG
FiletyŚledźMatjas t 0,76KG x15,90 12,08C;Filety Śledź Matjas;15,90;C;0,76;12,08;;KG
Śmiet.Łaciata18%330g t 2SZT x4, 9,98C;Śmiet. Łaciata 18% 330g;4,99;C;2;9,98;;G
ŚmietankaŁowicka36% t 2SZT x10,99 21,98C;Śmietanka Łowicka 36%;10,99;C;2;21,98;;SZT
SerekHomog.150g t 10SZT x3,15 31,50C;Serek Homog. 150g;3,15;C;10;31,50;;G
MlekpolKefir1l t 2SZT x5,99 11,98C;Mlekpol Kefir 1l;5,99;C;2;11,98;;L
SłynneMR Roślinne500 t 6SZT x4,79 28,74C;Słynne MR Roślinne 500;4,79;C;6;28,74;;SZT
Pieczarki 500g t 2SZT x4,99 9,98C;Pieczarki 500g;4,99;C;2;9,98;;G
Bułka poznańska 75g t 8SZT x0,72 5,76C;Bułka poznańska 75g;0,72;C;8;5,76;;G
KucharekŻurek46 t 3SZT x1,99 5,97C;Kucharek Żurek 46;1,99;C;3;5,97;;SZT
KnorrFixSpaghettiBol i 6SZT x4,49 26,94B;Knorr Fix Spaghetti Bol;4,49;B;6;26,94;;SZT
Nutella60Og H 1SZT x19,99 19,99A;Nutella 60Og;19,99;A;1;19,99;;G
HeinzKetchup1000G i 5SZT x11,99 59,95B;Heinz Ketchup 1000G;11,99;B;5;59,95;;G
HeinzKetchup1KG i 1SZT x11,99 11,99B;Heinz Ketchup 1KG;11,99;B;1;11,99;;KG
MajonezDekorac700ML i 5SZT x10,99 54,95B;Majonez Dekorac 700ML;10,99;B;5;54,95;;ML
WlkpOlejRzep2L t 2SZT x10,99 21,98C;Wlkp Olej Rzep 2L;10,99;C;2;21,98;;L
BasiaMąkaTortowaExtr t 4SZT4,39 17,56C;Basia Mąka Tortowa Extr;4,39;C;4;17,56;;SZT
MambaTropicsGuRo106g H 1SZT x3,59 ,59A;Mamba Tropics GuRo 106g;3,59;A;1;3,59;;G
Nimm2Śmiejżelki180g H 1SZT x6,19 6,19A;Nimm2 Śmiejżelki 180g;6,19;A;1;6,19;;G
WafleŚmiet180g t 1SZT x4,49 4,49C;Wafle Śmiet 180g;4,49;C;1;4,49;;G
ArgoLizakiVitaM150g H 1SZT x5,49 5,49A;Argo Lizaki Vitam 150g;5,49;A;1;5,49;;G
K.ChlebTost.Psz500g t 1SZT x2,99 2,99C;Chleb Tost. Psz 500g;2,99;C;1;2,99;;G
7DaysMax Kakao 110g t 2SZT x3,99 7,98C;7Days Max Kakao 110g;3,99;C;2;7,98;;G
BułkiHambSezam300g t 3SZT x,65 19,95C;Bułki Hamb Sezam 300g;6,65;C;3;19,95;;G
MielonkaTyrolska270g t 1SZT x5,89 5,89C;Mielonka Tyrolska 270g;5,89;C;1;5,89;;G
STD FiletŻkurczaka* t 1SzT x5,99 5,99C;STD Filet Z kurczaka;5,99;C;1;5,99;;SZT
STD FiletZkurczaka* t 1SZT x5,99 5,99C;STD Filet Z kurczaka;5,99;C;1;5,99;;SZT
 A_ŁOMA PILS 0,5 L 3 x 3,19 9,57A;ŁOMA PILS 0,5 L;3,19;A;3;9,57;;L
A_WODA NIEGAZO.6-PAK 2 x 5,94 11,889;WODA NIEGAZO. 6-PAK;5,94;;2;11,88;;
C_CHLEBTOSTOWY 500G 1 x 3,09 3,09C;CHLEBTOSTOWY 500G;3,09;C;1;3,09;;G
C_SMIETANA 30% 200G 1 x 3,39 3,39C;SMIETANA 30% 200G;3,39;C;1;3,39;;G
A_TARCZE 3 SZTUKI 1 x 13,30 13,309;TARCZE 3 SZTUKI;13,30;;1;13,30;;
C_S.5OUDA 1 K6 1 x 26,99 26,99C;S. 5OUDA 1 KG;26,99;C;1;26,99;;KG
C_SPODY PIZZA 280 G 1 x 6,29 6,29C;SPODY PIZZA 280 G;6,29;C;1;6,29;;G
FASOLA JAS 500G C 6 x5,59 33,54C;FASOLA JAS 500G;5,59;C;6;33,54;;G
MARGARYNA PAMA 30 C33 ęq 11,07r;MARGARYNA PAMA 30;3,69;C;3;11,07;;
SMItIANA18% 00G C 2 x1,93 3,86C;SMItIANA 18% 100G;1,93;C;2;3,86;;G
KONCENTRAT POM 31C71q 1 3r;KONCENTRAT POM;0,00;C;1;;;
EoRCnątR1 09 X5,49 5,49l;EoRCnątR1;5,49;l;1;5,49;;
BALtRUN C0,062 x31,99 1,98C;BALtRUN;31,99;C;0,062;1,98;;
MIELONKA TYROLSKA C0 310 x31 99 6 r;MIELONKA TYROLSKA;31,99;;0,310;;;
AL_KAWA MOCCA 1 KG 2 x 55,99 11,98A;AL_KAWA MOCCA 1 KG;55,99;A;2;111,98;;KG
C_SURÓWKA/C.KA.300 G 1 x 1,88 ,88C;SURÓWKA C. KA. 300 G;1,88;C;1;1,88;;G
CLE8 BALTONOWSKI SOBALA 850GC 3SZT x9,50 28,50C;CLEB BALTONOWSKI SOBALA 850G;9,50;C;3;28,50;;G
KAPUSTA CZERWONA LUZC 2,435kg x2,95 7,18C;KAPUSTA CZERWONA LUZ;2,95;C;2,435;7,18;;kg
KAPOUSTA CZERWONA LUZC 2,76kg x2,95 8,14C;KAPOUSTA CZERWONA LUZ;2,95;C;2,76;8,14;;kg
KOŁACZYK - DLA CIEBIEC 4szt. x1,60 6,40C;KOŁACZYK - DLA CIEBIE;1,60;C;4;6,40;;szt
1lety SledżWiejskiet 1S2T x16,99 16,99C;ilety Sledż Wiejskie;16,99;C;1;16,99;;SZT
STDKluskiDrożdzowe* t 1S2T x4,49 4,49C;Kluski Drożdzowe;4,49;C;1;4,49;;SZT
SerMorskiKG t 0,664KG x29,90 19,85C;Ser Morski KG;29,90;C;0,664;19,85;;KG
K.Pizza 1kg t 1SZT x11,49 11,49C;Pizza 1kg;11,49;C;1;11,49;;SZT
ŁowickieUHT 3,2%t.1Lt 12SZT x3,99 47,88C;Łowickie UHT 3,2% t. 1L;3,99;C;12;47,88;;L
ActiviaDoPicia270g* t 1SZT x4,69 4,69C;Activia Do Picia 270g;4,69;C;1;4,69;;G
ActiviaDoPicia270g* t 1SZT x4,69 4,69C;Activia Do Picia 270g;4,69;C;1;4,69;;G
K.SerTopionyKrąż140g t 1SZT x4,79 4,79C;Ser Topiony Krąż 140g;4,79;C;1;4,79;;G
K.SerTopionyMix2 t 1SZT x4,79 4,79C;Ser Topiony Mix;4,79;C;1;4,79;;SZT
FantasiaJogurt100g t 4SZT x2,99 11,96C;Fantasia Jogurt 100g;2,99;C;4;11,96;;G
JogurtBrzoskMara350g* t 1SZT x2,99 2,99C;Jogurt Brzosk Mara 350g;2,99;C;1;2,99;;G
JogurtBrzoskMara350g* t 1ST x2,99 2,99C;Jogurt Brzosk Mara 350g;2,99;C;1;2,99;;G
Śmietana18%tł.400g t 2SZT x3,99 7,98C;Śmietana 18% tł. 400g;3,99;C;2;7,98;;G
SerekHomo.Ciaste150g t 2SZT x3,15 6,30C;Serek Homo. Ciaste 150g;3,15;C;2;6,30;;G
JogurtMilkoMore330ml* t 1SZT x3,99 3,99C;Jogurt Milko More 330ml;3,99;C;1;3,99;;ML
JogurtMilkoŻura330ml* t 1SZT x3,99 3,99C;Jogurt Milko Żura 330ml;3,99;C;1;3,99;;ML
MajonezDekorac700ML 1i 2SZT x9,99 19,98B;Majonez Dekorac 700ML;9,99;B;2;19,98;;ML
DegaPaprykarz250g t 1SZT x3,89 3,89C;Dega Paprykarz 250g;3,89;C;1;3,89;;G
Nimm2Żelk1180g H 1SzT x6,99 6,99A;Nimm2 Żelk 1180g;6,99;A;1;6,99;;G
WafleŚmiet180g t 1SZT x4,49 4,49C;Wafle Śmiet 180g;4,49;C;1;4,49;;G
WawelCzekoJagod100g H 2SZT x4,99 9,98A;Wawel Czeko Jagod 100g;4,99;A;2;9,98;;G
ŁopatkaWpBezKościt 1,962KG x18,99 37,26C;Łopatka Wp Bez Kości;18,99;C;1,962;37,26;;KG
0,634KG x24,91 15,79C;"";24,91;C;0,634;15,79;;KG
SchabŚnieżnyKg t 0,576KG x26,94 15,52C;Schab Śnieżny Kg;26,94;C;0,576;15,52;;KG
0,502KG x26,90 13,50C;"";26,90;C;0,502;13,50;;KG
WątrobaZKurczakaLuzt 1,508KG x5,99 9,03C;Wątroba Z Kurczaka Luz;5,99;C;1,508;9,03;;KG
0,662KG x16,99 11,25C;"";16,99;C;0,662;11,25;;KG
GaTbaniMozzarell125g t 2SZT x5,49 10,98C;Gatbani Mozzarell 125g;5,49;C;2;10,98;;G
Śmietana18%400g t 4SZT x3,49 13,96C;Śmietana 18% 400g;3,49;C;4;13,96;;G
ŚmietankaŁowicka36% t 2SZT x10,99 21,98C;Śmietanka Łowicka 36%;10,99;C;2;21,98;;SZT
ŁaciatyProteinNatura* t 1SZT x4,99 4,99C;Łaciaty Protein Natura;4,99;C;1;4,99;;SZT
ŁaciatyProteinNatura* t 1SZT x4,99 4,99C;Łaciaty Protein Natura;4,99;C;1;4,99;;SZT
ŁaciatyProteinNatura* t 1SZT x4,99 4,99C;Łaciaty Protein Natura;4,99;C;1;4,99;;SZT
ŁaciatyProteinNatura* t 1SZT x4,99 4,99C;Łaciaty Protein Natura;4,99;C;1;4,99;;SZT
Krasnystaw Kefir400g* t 1SZT x3,39 3,39C;Krasnystaw Kefir 400g;3,39;C;1;3,39;;G
ValioSerekJagoda175g* t 1SZT x5,59 5,59C;Valio Serek Jagoda 175g;5,59;C;1;5,59;;G
ValioSerekCytryn175g* t 1SZT x5,59 5,59C;Valio Serek Cytryn 175g;5,59;C;1;5,59;;G
STD.TwarógWędz275g t 2SZT x4,49 8,98C;STD. Twaróg Wędz 275g;4,49;C;2;8,98;;G
DanioSerekTrusk 130g t 2SZT x1,79 3,58C;Danio Serek Trusk 130g;1,79;C;2;3,58;;G
DanioSerekCze0Orz130g t 6SZT x1,79 10,74C;Danio Serek Cze Orz 130g;1,79;C;6;10,74;;G
ZielnikPolskiMeli40g t 1SZT x3,99 3,99C;Zielnik Polski Meli 40g;3,99;C;1;3,99;;G
ZielnikPolPokrz30g t 1SZT x3,99 3,99C;Zielnik Pol Pokrz 30g;3,99;C;1;3,99;;G
RodzinnaOwoceLeś200g i 1SZT x6,99 6,99B;Rodzinna Owoce Leś 200g;6,99;B;1;6,99;;G
ZielnikPolskiRumi30g t 1SZT x3,99 3,99C;Zielnik Polski Rumi 30g;3,99;C;1;3,99;;G
Pieczarki 500g t 1SZT x7,99 7,99C;Pieczarki 500g;7,99;C;1;7,99;;G
Cebula żółta kg t 1,714KG x2,49 4,27C;Cebula żółta kg;2,49;C;1,714;4,27;;KG
OlejWielkopolski1l t 3SZT x8,49 25,47C;Olej Wielkopolski 1l;8,49;C;3;25,47;;L
KlopsyWSosie700G t 2SZT x5,99 11,98C;Klopsy W Sosie 700G;5,99;C;2;11,98;;G
Soshamburgerowy410G i 1SZT x6,99 6,99B;Soshamburgerowy 410G;6,99;B;1;6,99;;G
KLC.TortillaPsze370g t 2SZT x4,82 9,64C;Tortilla Psze 370g;4,82;C;2;9,64;;G
SosBarbecue220ML i 2SZT x4,99 9,98B;Sos Barbecue 220ML;4,99;B;2;9,98;;ML
GołąbkiWSosie700G t 1SZT x5,99 5,99C;Gołąbki W Sosie 700G;5,99;C;1;5,99;;G
KamiscynamonMielony i 2SZT x2,19 4,38B;Kamiscynamon Mielony;2,19;B;2;4,38;;SZT
0dkSamOK-V1 H 1S2T x45,00 45,00A;"";45,00;A;1;45,00;;SZT
YanoHamburger2OOg t 2SZT x2,63 5,26C;Yano Hamburger 2OOg;2,63;C;2;5,26;;G
SchabMazurski t 0,45KG x34,90 15,71C;Schab Mazurski;34,90;C;0,45;15,71;;KG
Ryki Gouda KG t 0,292KG x21,90 6,39C;Ryki Gouda KG;21,90;C;0,292;6,39;;KG
Ryki Gouda KG t 0,366KG x21,90 8,02C;Ryki Gouda KG;21,90;C;0,366;8,02;;KG
0,288KG x14,95 4,31C;"";14,95;C;0,288;4,31;;KG
0,236K9 x51,90 12,25C;"";51,90;C;0,236;12,25;;K9
FiletKaczWMarPaprSV*t 1SZT x18,99 18,99C;Filet Kacz W Mar Papr SV;18,99;C;1;18,99;;SZT
K-SMSchabBezKościVact 0,85KG x6,99 5,94C;Schab Bez Kości Vac;6,99;C;0,85;5,94;;KG
KapitańskiePaluszRybt 2SZT x18,99 37,98C;Kapitańskie Palusz Ryb;18,99;C;2;37,98;;SZT
K.Pizza 1kg t 2SZT x11,49 22,98C;Pizza 1kg;11,49;C;2;22,98;;KG
ŚmietankaŁow1cka36% t 2SZT x10,99 21.98C;Śmietanka Łowicka 36%;10,99;C;2;21,98;;SZT
SłynneMRRolinne75Og t 1SZT x9,99 9.99C;Słynne MRRolinne 75Og;9,99;C;1;9,99;;G
MlekpolKef1r1l t 1SZT x5,99 5,99C;Mlekpol Kefiril;5,99;C;1;5,99;;SZT
Bułka poznańska 75g t 8SZT x0,72 5,76C;Bułka poznańska 75g;0,72;C;8;5,76;;G
MajonezDekorac7OOML 1 3SZT x9,99 29.,97B;Majonez Dekorac 7OOML;9,99;B;3;29,97;;ML
DawtonaKoncentrat80a t 1SZT x2,69 2,69C;Dawtona Koncentrat 80;2,69;C;1;2,69;;SZT
KoncePom1do190G t 1SZT x4,99 4,99C;Konce Pomido 190G;4,99;C;1;4,99;;G
BułkiHotDog250g t 2SZT x5,41 10,82C;Bułki Hot Dog 250g;5,41;C;2;10,82;;G
DCMaxi1Burger4x75g t 1SZT x5,99 5,99C;Maxi Burger 4x 75g;5,99;C;1;5,99;;G
23/OskrobaBurger30Og t 1SZT x4,99 4,99C;Oskroba Burger 30Og;4,99;C;1;4,99;;G
K.ChlebTost.Mael5O0Og t 1SZT x3,99 3,99C;Chleb Tost. Mael 5O0Og;3,99;C;1;3,99;;G
Supleeny diey 4 1-=21.5O 21.50A;Supleeny diey;21,50;A;1;21,50;;
OPUsr  k 2,884KG x23,49 67,75;OPUSR;23,49;;2,884;67,75;;KG
anD.PVzVMięs1kg t 2szT x11,09 22,18C;PVZV Mięs 1kg;11,09;C;2;22,18;;KG
JaJaSciółkoweL1O t 2SZT x8,99 17,98C;Jaja Sciółkowe L1O;8,99;C;2;17,98;;SZT
ŁaciataŚmietUHT36% t 1SZT x17,99 17,99C;Łaciata Śmiet UHT 36%;17,99;C;1;17,99;;SZT
K.Smietana18%tł 40o0g t 1SZT x3,85 3,85C;Smietana 18% tł 400g;3,85;C;1;3,85;;G
Jaja ściółkowe M10* t 1SZT x10,99 10,99C;Jaja ściółkowe M10;10,99;C;1;10,99;;SZT
Jaja ściółkowe M10* t 1SZT x10,99 10,99C;Jaja ściółkowe M10;10,99;C;1;10,99;;SZT
Jaja ściółkowe M10* t 1SZT x10,99 10,99C;Jaja ściółkowe M10;10,99;C;1;10,99;;SZT
SerekHomo.Ciaste150g t 2SZT x3,15 6,30C;Serek Homo. Ciaste 150g;3,15;C;2;6,30;;G
MlekpolKefir1l t 1SZT x5,99 5,99C;Mlekpol Kefir 1l;5,99;C;1;5,99;;L
sałata lodowa szt t 4SZT x4,99 19,96C;sałata lodowa szt;4,99;C;4;19,96;;SZT
K.Mandarynki312g t 2SZT x6,49 12,98C;Mandarynki 312g;6,49;C;2;12,98;;G
MajonezDekorac400ML i 2SZT x5,99 11,98B;Majonez Dekorac 400ML;5,99;B;2;11,98;;ML
yifonZupaKurczakZłot t 6SZT x2,09 12,54C;yifon Zupa Kurczak Złot;2,09;C;6;12,54;;SZT
HAinzKetchup1O00G i 6SZT x15,99 95,94B;HAinz Ketchup 1O00G;15,99;B;6;95,94;;G
DegaPaprykarzź5U9 t,' ,8P,1,89k;Dega Paprykarzź;1,89;k;1;1,89;;
Nimm2Śmiejżelki100g H 3S2T x3,99 1.,9,A;Nimm2 Śmiejżelki 100g;3,99;A;3;11,97;;G
hsrrnniesGuRo106a H 1SZT x3,59 3,59A;hsrrnnies GuRo 106;3,59;A;1;3,59;;SZT
mbrkPrtC95O + 1r 3,99 2,99C;mbrkPrtC 95O;2,99;C;1;2,99;;
K.Ch!eb0st:PSzooO9 t 1zr ź'9 ź'a;Chebst PSzoo;2,99;a;1;;;SZT
K.ChlebTost4zia500g* t 1Sz x4,69 4,69t;Chleb Tost zia 500g;4,69;t;1;4,69;;G
MielonkaTyrolska270g t 1SZT x5,89 5,89C;Mielonka Tyrolska 270g;5,89;C;1;5,89;;G
OPUSTY.ŁACSNIF182,5;OPUSTY. ŁACSNIF 182,5;182,50;;1;182,50;;
CHLEBAKI PułuKA A00GC 1SŁT x,0 4,50C;CHLEBAKI PułuKA A100G;4,50;C;1;4,50;;G
CHLEB RASKI AGATA 10 1SZT x8,95 8,95C;CHLEB RASKI AGATA 10;8,95;C;1;8,95;;SZT
tof*ifee bomb. 125gA 1szt, x6,99 6,99A;tofifee bomb. 125g;6,99;A;1;6,99;;G
CZYK- DLA CIEB.L 3szt, x2,49 7,47C;CZYK DLA CIEB.;2,49;C;3;7,47;;szt
KRYNA SL MR 50 C 4 x7,59 30,36C;KRYNA SL MR 50;7,59;C;4;30,36;;
MASLO EXTRA 200G C 8 x6,99 55,92C;MASLO EXTRA 200G;6,99;C;8;55,92;;G
PETIT BEURRE 400G C 1 x4,55 4,55C;PETIT BEURRE 400G;4,55;C;1;4,55;;G
SLEDZ SOS POMID 17 C 2 x3,79 7,58C;SLEDZ SOS POMID 17;3,79;C;2;7,58;;
SLEDZ PO GDANSK 17 C 4 x3,79 15,16C;SLEDZ PO GDANSK 17;3,79;C;4;15,16;;
KAJM M/KROWK 510G C 2 x7,99 15,98C;KAJM MKROWK 510G;7,99;C;2;15,98;;G
KONCENTRAT POMI 31 C 2 x7,19 14,38C;KONCENTRAT POMI 31;7,19;C;2;14,38;;
OCZYSZCZ500G A 1 x5,99 5,99A;OCZYSZCZ 500G;5,99;A;1;5,99;;G
z7N WANILIOWY 64 C 2 x1,39 2,78C;WANILIOWY 64;1,39;C;2;2,78;;
PAPIEROSY 20SZT A 1 x19,50 19,50A;PAPIEROSY 20SZT;19,50;A;1;19,50;;SZT
CŚSMIET.ŁACIATA 3300 2 x 4,15 8,30C;CŚSMIET. ŁACIATA 3300;4,15;C;2;8,30;;G
A_KAWA MOCCA 1 KG 2 x 59,99 119,98A;KAWA MOCCA 1 KG;59,99;A;2;119,98;;KG
C_PASŁĘCKI EXT. 2OO0 2 x 4,85 9,70C;PASŁĘCKI EXT. 2OO0;4,85;C;2;9,70;;
B_KETCHUP ŁAG. 47O G 1 x 7,49 7,99B;KETCHUP ŁAG. 47O G;7,49;B;1;7,99;;G
C_KAJZERKA 50 0 8 x 0,39 3,12C;KAJZERKA 50;0,39;C;8;3,12;;
AWODA NIEGAZ0,6-PAK 1 x 5,94 5,99;AWODA NIEGAZO. 6-PAK;5,94;;1;5,99;;
Seler koCzeń 3 kg t 1SZT x9,99 9,99C;Seler ko Czeń 3 kg;9,99;C;1;9,99;;KG
Qhew 5 k9 t 1SZT x6,99 6,99C;Qhew;6,99;C;1;6,99;;SZT
P1etruszka korzeń 3 kq t;Pietruszka korzeń 3 kg;0,00;t;1;0;;KG
Pql ćb1ca 9K9 t 3S2 x7,99 23,97C;Pql ćbica 9Kg;7,99;C;3;23,97;;KG
iemniaki 5kg t 10SZT x3,99 39,90C;iemniaki 5kg;3,99;C;10;39,90;;KG
Jaja ściófkowe M10 t 4Sź X/,99 i,92;Jaja ściófkowe M10;4,99;;4;;;SZT
śmietankałŁowicka36% t 2SZT x10.99 21,98C;śmietankał Łowicka 36%;10,99;C;2;21,98;;SZT
Piątnicaśmiet400ml t 2SZT x709 14,18C;Piątnicaśmiet 400ml;7,09;C;2;14,18;;ML
DrożdźeBabuni100g H 2ST x1.29 2,58;Drożdźe Babuni 100g;1,29;;2;2,58;;G
FitoAptekaHerb20x2g 1 1ST x6,99 6,99B;Fito Apteka Herb 20x 2g;6,99;B;1;6,99;;G
verdinFixHerbata40g H 1S7 *4.,99 2,99A;verdin Fix Herbata 40g;4,99;A;1;4,99;;G
Rodzinna0woceLeś2009 1 1S 6,99 0'99B;Rodzinna Owoce Leś 2009;6,99;B;1;6,99;;SZT
Pomarańcze kg t 1,68KG x6,99 1n,,8;Pomarańcze kg;6,99;t;1,68;;;KG
ProszekPerColo2,75kg A 2 x47,99 95,98A;Proszek Per Colo 2,75kg;47,99;A;2;95,98;;KG
ErytrytolBakello250 A 2 x9,99 19,98A;Erytrytol Bakello 250;9,99;A;2;19,98;;
KaszaBulgur4x100g C 1 x3,29 3,29C;Kasza Bulgur 4x 100g;3,29;C;1;3,29;;G
Czosnek szt C 1 x1,98 1,98C;Czosnek szt;1,98;C;1;1,98;;SZT
Baton waniliowy A 1 x3,49 3,49A;Baton waniliowy;3,49;A;1;3,49;;
MakSpagPastani500g C 2 x3,42 6,84C;Mak Spag Pastani 500g;3,42;C;2;6,84;;G
Banan Luz C 0,308 x6,99 2,15C;Banan Luz;6,99;C;0,308;2,15;;
WafleGóralMix45g C 3 x1,69 5,07C;Wafle Góral Mix 45g;1,69;C;3;5,07;;G
:WafelDareMilk50g C 3 x2,29 6,87C;Wafel Dare Milk 50g;2,29;C;3;6,87;;G
Jogurt grecki 10% F 1 x2,99 2,99C;Jogurt grecki 10%;2,99;C;1;2,99;;
Jogurt z musli 1 F 1 x4,16 4,16C;Jogurt z musli 1;4,16;C;1;4,16;;
Sałata lodowa szt. F 1 x2,99 2,99C;Sałata lodowa szt.;2,99;C;1;2,99;;SZT
Prześcierad.0484327 X 1 x19,99 19,99A;Prześcierad. 0484327;19,99;A;1;19,99;;
Gouda hol.w plas. F 2 x9,99 19,98C;Gouda hol. w plas.;9,99;C;2;19,98;;
Prześcierad.0484327 X 1 x19,99 19,99A;Prześcierad. 0484327;19,99;A;1;19,99;;
Chleb na maślance F 1 x4,79 4,79C;Chleb na maślance;4,79;C;1;4,79;;
Przekąska z serem F 4 x1,52 6,08C;Przekąska z serem;1,52;C;4;6,08;;
Reklamówka mała rec. X 1 x0,79 0,79A;Reklamówka mała rec.;0,79;A;1;0,79;;
Piwo 0,5l X 18 x3,79 68,22A;Piwo 0,5l;3,79;A;18;68,22;;L
 Buraki gotowane 500g F2 x4,79 9,58C;Buraki gotowane 500g;4,79;C;2;9,58;;G
Woda średni gaz 0,5l X 12 x0,75 9,00A;Woda średni gaz 0,5l;0,75;A;12;9,00;;L
Fromage Chipsy F 1 x4,99 4,99C;Fromage Chipsy;4,99;C;1;4,99;;
Rukola 125g F 1 x5,49 5,49C;Rukola 125g;5,49;C;1;5,49;;G
Chleb Baltonowski F 1 x2,49 2,49C;Chleb Baltonowski;2,49;C;1;2,49;;
Boczek wędz.,słupki F 1 x12,99 12,99C;Boczek wędz. słupki;12,99;C;1;12,99;;
Bagietka do odpieku F2 x3,79 7,58C;Bagietka do odpieku;3,79;C;2;7,58;;
Sałata lodowa szt F 1 x2,99 2,99C;Sałata lodowa szt;2,99;C;1;2,99;;SZT
Morele susz.XXL F 1 x12,99 12,99C;Morele susz. XXL;12,99;C;1;12,99;;
Awokado Hass 2szt. F 1 x14,99 14,99C;Awokado Hass 2szt.;14,99;C;1;14,99;;SZT
ToFu naturalne,wędz1 I 1 x3,99 3,99B;ToFu naturalne,wędz1;3,99;B;1;3,99;;
Piątnica Serek wiej. F 1 x2,99 2,99C;Piątnica Serek wiej.;2,99;C;1;2,99;;
Tuńczyk w oleju F 1 x9,24 9,24C;Tuńczyk w oleju;9,24;C;1;9,24;;
Krem pistacjowy weg. F 1 x34,99 34,99C;Krem pistacjowy weg.;34,99;C;1;34,99;;
Banany luz F 0,692 x6,99 4,84C;Banany luz;6,99;C;0,692;4,84;;
Pomarańcze deser.luz F 0,546 x6,99 3,82C;Pomarańcze deser. luz;6,99;C;0,546;3,82;;
Papryka słodka luz F 0,13 x19,99 2,60C;Papryka słodka luz;19,99;C;0,13;2,60;;
Ogórki zielo.PLszt. F 1 x4,99 4,99C;Ogórki zielo. PL szt.;4,99;C;1;4,99;;SZT
Pomidory mal. PL luz F 0,47 x14,99 7,05C;Pomidory mal. PL luz;14,99;C;0,47;7,05;;
"9""""1o.jAnPOU,eU00 żAj9,t1dt SQ._2s.  9P K:";"";0,00;;1;;;
Tulipany 7szt. kw.c. I 1 x15,99 15,99B;Tulipany 7szt. kw.;15,99;B;1;15,99;;SZT
Gipsówka kw.c. I 1 x9,99 9,99B;Gipsówka kw.;9,99;B;1;9,99;;
Bułka paryska F 1 x2,89 2,89C;Bułka paryska;2,89;C;1;2,89;;
Sok 100% pomidor F 1 x3,49 3,49C;Sok 100% pomidor;3,49;C;1;3,49;;
Burek ze szpinakiem F 3 x2,39 7,17C;Burek ze szpinakiem;2,39;C;3;7,17;;
Filet z kurczak.św. F 0,95 x24,90 23,66C;Filet z kurczak. św.;24,90;C;0,95;23,66;;
Bułka kajzerka 1 F 4 x0,35 1,40C;Bułka kajzerka 1;0,35;C;4;1,40;;
Krążki cebulowe 450g F 1 x9,99 9,99C;Krążki cebulowe 450g;9,99;C;1;9,99;;G
Ser top.plastry 250g F 1 x7,22 7,22C;Ser top. plastry 250g;7,22;C;1;7,22;;G
Czekolada m.z orzech X 3 x6,89 20,67A;Czekolada m. z orzech;6,89;A;3;20,67;;
Boczniaki 250g F1 x6,99 6,99C;Boczniaki 250g;6,99;C;1;6,99;;G
Łosoś Pieczony F 0,142 x134,90 19,16C;Łosoś Pieczony;134,90;C;0,142;19,16;;
Boczek Lardons F 1 x5,49 5,49C;Boczek Lardons;5,49;C;1;5,49;;
Pak Choi 2szt. F1 x6,99 6,99C;Pak Choi 2szt.;6,99;C;1;6,99;;SZT
Bio Sałata rzymska F1 x7,99 7,99C;Bio Sałata rzymska;7,99;C;1;7,99;;
Haliny 125g F 1 x8,99 8,99C;Haliny 125g;8,99;C;1;8,99;;G
Migdały blansz. 200g F 1 x11,19 11,19C;Migdały blansz. 200g;11,19;C;1;11,19;;G
POLITYKA 2 I 1 x13,90 13,90B;POLITYKA 2;13,90;B;1;13,90;;
Precel z solą F 2 x1,99 3,98C;Precel z solą;1,99;C;2;3,98;;
Papryka czerwona luz F 0,394 x14,99 5,91C;Papryka czerwona luz;14,99;C;0,394;5,91;;
Masło Extra 83% F 3 x7,49 22,47C;Masło Extra 83%;7,49;C;3;22,47;;
Filet z kurczak.św. F 0,974 x24,90 24,25C;Filet z kurczak. św.;24,90;C;0,974;24,25;;
Chust.hig. 3-warstw. X 1 x3,59 3,59A;Chust. hig. 3-warstw.;3,59;A;1;3,59;;
Mięso mielone,szynka F 1 x11,99 11,99C;Mięso mielone,szynka;11,99;C;1;11,99;;
Ćwiartki z kurczaka F 0,743 x8,99 6,68C;Ćwiartki z kurczaka;8,99;C;0,743;6,68;;
Cwiartki z kurczaka F 0,79 x8,99 7,10C;Cwiartki z kurczaka;8,99;C;0,79;7,10;;
Ręcznik papier. XXL X 1 x11,99 11,99A;Ręcznik papier. XXL;11,99;A;1;11,99;;
Banany luz F 1,714 x6,99 11,98C;Banany luz;6,99;C;1,714;11,98;;
HP Napój wanil.owy F 3 x4,99 14,97C;HP Napój wanil.owy;4,99;C;3;14,97;;
Reklamówka mała rec. X 1 x0,79 0,79A;Reklamówka mała rec.;0,79;A;1;0,79;;
Piernik.ludki 200g F 1 x7,99 7,99C;Piernik. ludki 200g;7,99;C;1;7,99;;G
Prześcierad.0484326 X 1 x29,99 29,99A;Prześcierad. 0484326;29,99;A;1;29,99;;
Winerki z cielęciną F 1 x8,99 8,99C;Winerki z cielęciną;8,99;C;1;8,99;;
Włoski makaron 250g F 1 x5,49 5,49C;Włoski makaron 250g;5,49;C;1;5,49;;G
Sushi Tokyo zestaw F 1 x17,99 17,99C;Sushi Tokyo zestaw;17,99;C;1;17,99;;
Owoce w czek. 200g X 1 x21,99 21,99A;Owoce w czek. 200g;21,99;A;1;21,99;;G
Kiełbasa Fuet Extra F 1 x12,69 12,69C;Kiełbasa Fuet Extra;12,69;C;1;12,69;;
Balcerzak Polska sur F 1 x11,99 11,99C;Balcerzak Polska sur;11,99;C;1;11,99;;
Winogrona jasne luz F 0,552 x9,99 5,51C;Winogrona jasne luz;9,99;C;0,552;5,51;;
Roś.ziel.max.rośl.ż. I 1 x59,99 59,99B;Roś. ziel. max. rośl. ż.;59,99;B;1;59,99;;
Bagietka czosnkowa A F 1 x2,99 2,99C;Bagietka czosnkowa;2,99;C;1;2,99;;
Burek ze szpinakiem F 2 x2,39 4,78C;Burek ze szpinakiem;2,39;C;2;4,78;;
Camembert 120g F 1 x4,12 4,12C;Camembert 120g;4,12;C;1;4,12;;G
Filety śledziowe200g F1 x6,99 6,99C;Filety śledziowe 200g;6,99;C;1;6,99;;G
Camebert z pieprzem F 1 x4,49 4,49C;Camebert z pieprzem;4,49;C;1;4,49;;
Turek Camembert F 1 x7,29 7,29C;Turek Camembert;7,29;C;1;7,29;;
Oliwki ziel.greckie F 1 x10,43 10,43C;Oliwki ziel. greckie;10,43;C;1;10,43;;
Kabanosy wieprz.175g F2 x9,99 19,98C;Kabanosy wieprz. 175g;9,99;C;2;19,98;;G
Kabanosy Select F 2 x7,49 14,98C;Kabanosy Select;7,49;C;2;14,98;;
Grejpfrut ziel. luz F 0,602 x9,99 6,01C;Grejpfrut ziel. luz;9,99;C;0,602;6,01;;
Sezamki klasyczne X 1 x2,19 2,19A;Sezamki klasyczne;2,19;A;1;2,19;;
Ciastko z jabłkiem F2 x2,64 5,28C;Ciastko z jabłkiem;2,64;C;2;5,28;;
Baton Premium orzech F 4 x3,14 12,56C;Baton Premium orzech;3,14;C;4;12,56;;
n ,,są,ąr9r400 YleCKo, At: wyCięstwa 6;Dane adresowe;0,00;;1;;;
Y2nL 1Ł nomr rum  1 X3,79 3,79A;"";3,79;A;1;3,79;;
LajKonlK Przekąski F 1 x3,99 3,99C;Lajkonlk Przekąski;3,99;C;1;3,99;;
Woda sportowy korek X 1 x1,29 1,29A;Woda sportowy korek;1,29;A;1;1,29;;
Banan Luz C 0,630 x6,99 4,40;Banan Luz;6,99;C;0,630;4,40;;
SanteErytrytol1KG H 5SZT x19,99 99,95A;Sante Erytrytol 1KG;19,99;A;5;99,95;;KG
MasłExtraMlDol200g C 3 x6,99 20,97C;Masł Extra Ml Dol 200g;6,99;C;3;20,97;;G
MusztRikkaSarep210g B 1 x1,49 1,49B;Muszt Rikka Sarep 210g;1,49;B;1;1,49;;G
Banan Luz C 0,965 x6,99 6,75C;Banan Luz;6,99;C;0,965;6,75;;
RogalŚwiętomarciński F 4 x7,49 29,96C;Rogal Świętomarciński;7,49;C;4;29,96;;
Camembert zio1owy F 2 x4,19 8,38C;Camembert zio1owy;4,19;C;2;8,38;;
Bagietka duża F 1 x3,19 3,19C;Bagietka duża;3,19;C;1;3,19;;
Piątnica Skyr pitny2 F 2 x4,89 9,78C;Piątnica Skyr pitny;4,89;C;2;9,78;;
JordanSzczoteczkaT4sH 1SZT x12,99 12,99A;Jordan Szczoteczka;12,99;A;1;12,99;;SZT
WinstonGreenSupLine*H 2SZT x21,50 43,00A;Winston Green Sup Line;21,50;A;2;43,00;;SZT
Skyr natyralny 450g t 1SZT x7,79 7,79C;Skyr natyralny 450g;7,79;C;1;7,79;;G
KLt.JajaŚcM20szt t 1SZT x18,99 18,99C;KLt. Jaja Śc M20 szt;18,99;C;1;18,99;;SZT
YerbaMateHerbaCz50g H 1SZT x5,49 5,49A;Yerba Mate Herba Cz 50g;5,49;A;1;5,49;;G
ZielnikPolskiMeli40g t 1SZT x4,99 4,99C;Zielnik Polski Meli 40g;4,99;C;1;4,99;;G
Ogórek gruntowy kg t 0,6O6KG x6,99 4,24C;Ogórek gruntowy kg;6,99;C;0,606;4,24;;KG
MłynpolMąkaTortowa1k t 4SZT x3,59 14,36C;Młynpol Mąka Tortowa 1KG;3,59;C;4;14,36;;KG
DecomorenoKakao150g H 1SZT x12,99 12,99A;Decomoreno Kakao 150g;12,99;A;1;12,99;;G
KLCbatonowocelesne t 1SZT x8,56 8,56C;batonowocelesne;8,56;C;1;8,56;;SZT
KLCBatontruskawkbana t 1SZT x8,56 8,56C;Batontruskawkbana;8,56;C;1;8,56;;SZT
GóralkiKokosowe45g t 4SZT x1,69 6,76C;Góralki Kokosowe 45g;1,69;C;4;6,76;;G
SchabWiśniowy* t 0,55KG x31,90 17,55C;Schab Wiśniowy;31,90;C;0,55;17,55;;KG
GumaOrbiSpear50-58g B 2 x7,49 14,98B;Guma Orbi Spear 50-58g;7,49;B;2;14,98;;G
Pomid gał luz C 0,574 x10,99 6,31C;Pomid gał luz;10,99;C;0,574;6,31;;
Donut nadziew 67g C 1 x2,09 2,09C;Donut nadziew 67g;2,09;C;1;2,09;;G
SzynkaZawędzKW250g C 2 x9,99 19,98C;Szynka Zawędz 250g;9,99;C;2;19,98;;G
WafleGóralMix45g C 5 x1,69 8,45C;Wafle Góral Mix 45g;1,69;C;5;8,45;;G
ZiajaOwoGranatPeel X 1 x19,99 19,99A;Ziaja Owo Granat Peel;19,99;A;1;19,99;;
ZiajaOwoGranatPeel X 1 x19,99 19,99A;Ziaja Owo Granat Peel;19,99;A;1;19,99;;
Prześcierad.0484327 X 1 x19,99 19,99A;Prześcierad. 0484327;19,99;A;1;19,99;;
Gouda hol.w plas. F 2 x9,99 19,98C;Gouda hol. w plas.;9,99;C;2;19,98;;
Prześcierad.0484327 X 1 x19,99 19,99A;Prześcierad. 0484327;19,99;A;1;19,99;;
Chleb na maślance F 1 x4,79 4,79C;Chleb na maślance;4,79;C;1;4,79;;
Przekąska z serem F 4 x1,52 6,08C;Przekąska z serem;1,52;C;4;6,08;;
Reklamówka mała rec. X 1 x0,79 0,79A;Reklamówka mała rec.;0,79;A;1;0,79;;
Piwo 0,5l X 18 x3,79 68,22A;Piwo 0,5l;3,79;A;18;68,22;;L
 Buraki gotowane 500g F2 x4,79 9,58C;Buraki gotowane 500g;4,79;C;2;9,58;;G
Woda średni gaz 0,5l X 12 x0,75 9,00A;Woda średni gaz 0,5l;0,75;A;12;9,00;;L
Fromage Chipsy F 1 x4,99 4,99C;Fromage Chipsy;4,99;C;1;4,99;;
Rukola 125g F 1 x5,49 5,49C;Rukola 125g;5,49;C;1;5,49;;G
Chleb Baltonowski F 1 x2,49 2,49C;Chleb Baltonowski;2,49;C;1;2,49;;
Boczek wędz.,słupki F 1 x12,99 12,99C;Boczek wędz. słupki;12,99;C;1;12,99;;
Bagietka do odpieku F2 x3,79 7,58C;Bagietka do odpieku;3,79;C;2;7,58;;
MasłExtraMlDol200g C 3 x6,99 20,97C;Masł Extra Ml Dol 200g;6,99;C;3;20,97;;G
MusztRikkaSarep210g B 1 x1,49 1,49B;Muszt Rikka Sarep 210g;1,49;B;1;1,49;;G
Banan Luz C 0,965 x6,99 6,75C;Banan Luz;6,99;C;0,965;6,75;;
