sample,name,amount,quantity,unit,price,total,tax
"MAKA BASIA 1KG C 9 x3,59 32,31C",MAKA BASIA 1KG,1.0,9.0,KG,3.59,32.31,C
"ZELKI KW GWIAZDK 9 A 1 x3,99 3,99A",ZELKI KW GWIAZDK,,1.0,,3.99,3.99,A
"CUK KR/RE/BO/ZO/P A0,914 x14,99 13,70A",CUK KRREBOZOP,,0.914,,14.99,13.7,A
"SOLKAMIENNA 1,1KG A 1 x2,29 2,29A","SOLKAMIENNA 1,1KG",1.1,1.0,KG,2.29,2.29,A
"ZELKIKWASNE 100G A 1 x3,99 3,99A",ZELKIKWASNE 100G,100.0,1.0,G,3.99,3.99,A
"PRZYPRAWA W PL 200 B 1 x2,99 2,99B",PRZYPRAWA W PL 200,,1.0,,2.99,2.99,B
"KONCENTRAT POMI 31 C 4 x7,19 28,76C",KONCENTRAT POMI 31,,4.0,,7.19,28.76,C
"PRZYPRAWA D/BIG 20 B 2 x1,59 3,18B",PRZYPRAWA DBIG 20,,2.0,,1.59,3.18,B
"KONCENTRAT POM 900 C 1 x9,99 9,99C",KONCENTRAT POM 900,,1.0,,9.99,9.99,C
"KAPUSTA 3,1 KG C 1 x14,49 14,49C","KAPUSTA 3,1 KG",3.1,1.0,KG,14.49,14.49,C
"CHLEB 3 * 10,5G = 31,50 C",CHLEB,,3.0,,10.5,31.5,C
"BUŁKA H  1,80 =7,20 C",BUŁKA,,,,1.8,7.2,C
"KLłkEukalMent25ODg H 1SZT x4,99 4",KLłk Eukal Ment 25Og,250.0,1.0,G,4.99,4.99,
"Ka5aosExcl.Indyk9Og t 1SZT x6,79",Kaaos Excl. Indyk 9Og,90.0,1.0,G,6.79,6.79,
" KabanosyvDri5o5y t 1ST x6,79 G",Kabanosyv Drioy,,1.0,SZT,6.79,6.79,
"Kabanos7Kurczakai0O%  1S2T x6, 79 G 79:",Kabanos Kurczakai,,1.0,SZT,6.79,6.79,
"CHLEB PRASKI AGATA 1000GC 1SZT x8,95 8,95C",CHLEB PRASKI AGATA 1000G,1000.0,1.0,G,8.95,8.95,C
"CHLEB PRASKI AGATA 1000GC 1SZT x8,95 8,95C",CHLEB PRASKI AGATA 1000G,1000.0,1.0,G,8.95,8.95,C
"CHLEB PRASKI AGATA 1000GC 1SZT x8,95 8,95C",CHLEB PRASKI AGATA 1000G,1000.0,1.0,G,8.95,8.95,C
"KAPUSTA CZERWONA LUZC 2,225kg x3,50 7,79C",KAPUSTA CZERWONA LUZ,2.225,,KG,3.5,7.79,C
"MILKA CZEK OREO 100gA 1szt., x3,99 3,99A",MILKA CZEK OREO 100g,100.0,,G,3.99,3.99,A
"MILKA CZEK.OPEO 100gA 1szt. x3,99 3,99A",MILKA CZEK. OPEO 100g,100.0,,G,3.99,3.99,A
"ZIEMNIAKI WORcEOKGC 1szt. x16,00 16,00C",ZIEMNIAKI WORcEO KG,,1.0,SZT,16.0,16.0,C
"C_KAJZERKA 50 G 6 x 0,39 2,34C",KAJZERKA 50G,50.0,6.0,G,0.39,2.34,C
"A_PAPIER TOALET.MAXI 1 x 2,69 2,69A",PAPIER TOALET. MAXI,,1.0,,2.69,2.69,A
"A_SAMELLE 1 R 2 x 12,39 24,78A",SAMELLE,,2.0,,12.39,24.78,A
"C_PUDDING 200G 2 x 2,35 4,70C",PUDDING 200G,200.0,2.0,G,2.35,4.7,C
"CMIESZ.KUK.450/2700 2 x 5,99 11,98C",CMIESZ. KUK. 450/2700,,2.0,,5.99,11.98,C
"C_BERLKUR. 500 G 2 x 7,53 15,06C",BERLKUR. 500 G,500.0,2.0,G,7.53,15.06,C
Lody-gatka 2.000x6.00z.00C,Lody-gatka,,2.0,,6.0,,C
"B_HER.OWOC. MIX 45 G 3 x 5,99 16,7",HER. OWOC. MIX 45 G,45.0,3.0,G,5.99,16.97,B
"C_HERBATN. TEA 4OOG 1 x 4,95 4,95C",HERBATN. TEA 4OOG,400.0,1.0,G,4.95,4.95,C
"C_WAFLE ORZECH 450 G 2 x 6,99 13,98C",WAFLE ORZECH 450 G,450.0,2.0,G,6.99,13.98,C
"A_LE CHEF 12O SZT 2 x 2,69 5,38A",LE CHEF 12O SZT,,2.0,SZT,2.69,5.38,A
"C_BROKUŁ MROZ. 450G 3 x 6,99 20,97C",BROKUŁ MROZ. 450G,450.0,3.0,G,6.99,20.97,C
"C_SZPINAK HORTE.450G 1 x 5,99 5,99C",SZPINAK HORTE. 450G,450.0,1.0,G,5.99,5.99,C
"C_CZE.FAS. 410/240 G 3 x 3,15 9,95C",CZE. FAS. 410/240 G,240.0,3.0,G,3.15,9.95,C
"C_OLEJ WIELKOP.1L 4 x 10,99 93,96C",OLEJ WIELKOP. 1L,1.0,4.0,L,10.99,93.96,C
"C_KAJZERKA 50 G 8 x 0,39 3,12C",KAJZERKA 50 G,50.0,8.0,G,0.39,3.12,C
"C_SER FAVITA 2700 1 x 6,15 6,15C",SER FAVITA 2700,,1.0,,6.15,6.15,C
"B_ZELATYNA SPOZY 50G 1 x 4,99 4,99B",ZELATYNA SPOZY 50G,50.0,1.0,G,4.99,4.99,B
"C_JAJA SPOZ.10M 4 x 10,99 43,96C",JAJA SPOZ. 10ML,10.0,4.0,ML,10.99,43.96,C
"C_BANANY LUZ 0,945 x 3,99 3,30C",BANANY LUZ,,0.945,,3.99,3.3,C
"PerłaChmie.But0,5L H 2SzZT x3,89 7,78A","Perła Chmie. But 0,5L",0.5,2.0,L,3.89,7.78,A
"YanoHamburger200g t 3SZT x2,79 8,37C",Yano Hamburger 200g,200.0,3.0,G,2.79,8.37,C
"SierpcSerekCapri220g* t 1SZT x5,99 5,99C",Sierpc Serek Capri 220g,220.0,1.0,G,5.99,5.99,C
"SierpcSerekCapri220g* t 1SZT x5,99 5,99C",Sierpc Serek Capri 220,,1.0,SZT,5.99,5.99,C
"SierpcSerekCapri220g* t 1SZT x5,99 5,99C",Sierpc Serek Capri 220g,220.0,1.0,G,5.99,5.99,C
"SierpcSerekCapri220g* t1SZT x5,99 5,99C",Sierpc Serek Capri 220g,220.0,1.0,G,5.99,5.99,C
"KLC.SerGouda300gpl t 1SZT x6,99 6,99C",KLC. Ser Gouda 300g pl,300.0,1.0,G,6.99,6.99,C
"KLt.SerEdamski300gpl t 1SzT x6,99 6,99C",KLt. Ser Edamski 300g pl,300.0,1.0,G,6.99,6.99,C
"S1erpcSerektapr1220g* t 1SzT x5,99 5,99C",S1erpc Serektapr 1220g,1220.0,1.0,G,5.99,5.99,C
"S1erQpcSerekCapr1220g* t 1SzT x5,99 5,99C",S1er Qpc Serek Capr 1220g,1220.0,1.0,G,5.99,5.99,C
"SierQcSerekCapri220g* t 1SzT x5,99 5,99C",Sier Qc Serek Capri 220g,1220.0,1.0,G,5.99,5.99,C
"S1erQcSerekCapri1220g* t 1SzT x5,99 5,99C",Ser Qc Serek Capri 1220g,1.0,,G,5.99,5.99,C
"SierpcSerekCapri220g* t 1SZT x5,99 5,99C",Sierpc Serek Capri 220g,220.0,1.0,G,5.99,5.99,C
"SierpcSerekCapri220g* t 1SZT x5,99 5,99C",Sierpc Serek Capri 220g,220.0,1.0,G,5.99,5.99,C
"K.Ser Topiony 100g t 2SZT x2,19 4,38C",Ser Topiony 100g,100.0,2.0,G,2.19,4.38,C
"Śmietana18%t1.300g* t 1SZT x4,59 4,59C",Śmietana 18% t. 300g,300.0,1.0,G,4.59,4.59,C
"STD.TwarógWędz275g t 2SZT x4,49 8,98C",STD. Twaróg Wędz 275g,275.0,2.0,G,4.49,8.98,C
"BigActiveHerbata40g i 1SZT x5,99 5,99B",Big Active Herbata 40g,40.0,1.0,G,5.99,5.99,B
"BigActiveHerbata40g i 2SZT x5,99 11,98B",Big Active Herbata 40g,40.0,2.0,G,5.99,11.98,B
"Bu1ka poznańska 75g t 9SZT x0,69 6,21C",Buka poznańska 75g,75.0,9.0,G,0.69,6.21,C
"SierpcSerekCapri220g* t 1S2T x5,99 5,99C",Sierpc Serek Capri 220g,220.0,1.0,G,5.99,5.99,C
"SierpcSerekCapri220g* t 1SZT x5,99 5,99C",Sierpc Serek Capri 220g,220.0,1.0,G,5.99,5.99,C
"KLC.SerGouda300gpl t 1SZT x6,99 6,99C",KLC. Ser Gouda 300g pl,300.0,1.0,G,6.99,6.99,C
"KLC.SerEdamski300gpl t 1SZT x6,99 6,99C",KLC. Ser Edamski 300g pl,300.0,1.0,G,6.99,6.99,C
"SierpcSerekCapri220g* t 1SZT x5,99 5,99C",Sierpc Serek Capri 220g,220.0,1.0,G,5.99,5.99,C
"SierpcSerekCapri220g* t 1SZT x5,99 5,99C",Sierpc Serek Capri 220g,220.0,1.0,G,5.99,5.99,C
"SierpcSerekCapri220g* t 1SZT x5,99 5,99",Sierpc Serek Capri 220g,220.0,1.0,G,5.99,5.99,
"SierpcSerekCapri220g* t 1SZT x5,99 5,99C",Sierpc Serek Capri 220g,220.0,1.0,G,5.99,5.99,C
"SierpcSerekCapri220g* t 1SZT x5,99 5,99",Sierpc Serek Capri 220g,220.0,1.0,G,5.99,5.99,
"SierpcSerekCapri220g* t 1SZT x5,99 5,99",Sierpc Serek Capri 220g,220.0,1.0,G,5.99,5.99,
"K.Ser Topiony 100g t 2SZT x2,19 4,38C",Ser Topiony 100g,100.0,2.0,G,2.19,4.38,C
"Śmietana18%t1.300g* t 1SZT x4,59 4,59C",Śmietana 18% t. 300g,300.0,1.0,G,4.59,4.59,C
"STD.TwarógWędz275g t 2SZT x4,49 8,98C",STD. Twaróg Wędz 275g,275.0,2.0,G,4.49,8.98,C
"BigActiveHerbata40g i 1SZT x5,99 5,99B",Big Active Herbata 40g,40.0,1.0,G,5.99,5.99,B
"Bi9ActiveHerbata4Og i 2SZT x5,99 11,98B",Bi Active Herbata 4Og,40.0,2.0,G,5.99,11.98,B
"Bu1ka poznańska 75g t 9SzT x0,69 6,21C",Bułka poznańska 75g,75.0,9.0,G,0.69,6.21,C
"HeinzKetchup1OO0G 1 1SZT x15,99 15,99B",Heinz Ketchup 1OO0G,1000.0,1.0,G,15.99,15.99,B
"MajonezDekorac4OOML i 2SZT x5,99 11,98B",Majonez Dekorac 4OOML,400.0,2.0,ML,5.99,11.98,B
"KLC.TortillaPsze370g t 2SZT x4,82 9,64C",KLC. Tortilla Psze 370g,370.0,2.0,G,4.82,9.64,C
"OlejWielkopolski1l t 3SZT x8,49 25,47C",Olej Wielkopolski 1l,1.0,3.0,L,8.49,25.47,C
"KucharekRosółWołowy t 3SZT x4,19 12,57C",Kucharek Rosół Wołowy,,3.0,SZT,4.19,12.57,C
"FamilijneWafle180g t 1SZT x4,49 4,9C",Familijne Wafle 180g,180.0,1.0,G,4.49,4.49,C
"FamilijneWafle180g t 1SZT x4,494,49C",Familijne Wafle 180g,180.0,1.0,G,4.49,4.49,C
"FamilWafGofWani130g t 1SZT x3,99 3,99C",Famil Waf Gof Wani 130g,130.0,1.0,G,3.99,3.99,C
"CukierkiKopaln80g H 1SZT x3,79 3,79A",Cukierki Kopaln 80g,80.0,1.0,G,3.79,3.79,A
"Nimm2Śmiejżelki100g H 1SZT x2,79 2,79A",Nimm2 Śmiejżelki 100g,100.0,1.0,G,2.79,2.79,A
"StorckDzunglaki9Og H 1SZT x2,79 2,79A",Storck Dzunglaki 9Og,190.0,1.0,G,2.79,2.79,A
"Nimm2ŚmiejSłodSad90g H 1SZT x2,79 2,79A",Nimm2 Śmiej Słod Sad 90g,90.0,1.0,G,2.79,2.79,A
"MambaGuma106g H 1SZT x3,59 3,59A",Mamba Guma 106g,106.0,1.0,G,3.59,3.59,A
"Bu#kiHambSezam30Og t 3SZT x6,65 19,95C",Buki Hamb Sezam 30Og,300.0,3.0,G,6.65,19.95,C
"K.ChlebTost.Psz5OOg t 1SZT x2,99 2,99C",Chleb Tost. Psz 5OOg,500.0,1.0,G,2.99,2.99,C
"7DaysMaxRogalOrze6OG t 3SZT x2,99 8,97",7Days Max Rogal Orze 6OG,60.0,3.0,G,2.99,8.97,
"KLC.JajascM2Oszt t 36ZT x15,99 47,97C",KLC. Jajasc M2O szt,,3.0,SZT,15.99,47.97,C
" BieluchSzpinak150G t 1SZT x3,39 3,39C",Bieluch Szpinak 150G,150.0,1.0,G,3.39,3.39,C
"BieluchSzpinak15OG t 16ZT x3,39 3,39C",Bieluch Szpinak 15OG,1.0,1.0,G,3.39,3.39,C
"SłynneMRRośl1nne75Og t 1SZT x9,99 9,99C",Słynne MRRoślinne 75Og,750.0,1.0,G,9.99,9.99,C
"BieluchSzp1nak150G t 1SZT x3,39 3,39C",Bieluch Szpinak 150G,150.0,1.0,G,3.39,3.39,C
"Ziemmaki 5kg t 2SZT x6,99 13,98C",Ziemmaki 5kg,5.0,2.0,KG,6.99,13.98,C
"Ogorki polskie kg t 0,18KG x11,99 2,16C",Ogorki polskie kg,0.18,,KG,11.99,2.16,C
"Bułka poznańska 75g t 6SZT x0,69 4,14C",Bułka poznańska 75g,75.0,6.0,G,0.69,4.14,C
"MąkaTortowaSzcz2,5KG t 4SZT x4,99 19,96C","Mąka Tortowa Szcz 2,5KG",2.5,4.0,KG,4.99,19.96,C
"MakaronNitki25OG t 2SZT x2,59 5,18C",Makaron Nitki 25OG,250.0,2.0,G,2.59,5.18,C
"HelioMieszanka3O0g t 1SZT x8,89 8,89C",Helio Mieszanka 300g,300.0,1.0,G,8.89,8.89,C
"HelioMieszanka3O0Og t 1SZT x8,89 8,89C",Helio Mieszanka 3000g,3000.0,1.0,G,8.89,8.89,C
"HelioMieszanka3OOg t 1SZT x8,89 8,89C",Helio Mieszanka 300g,300.0,1.0,G,8.89,8.89,C
"Hel1oM1eszanka300g t 1SZT x8,89 8,89C",Helio Mieszanka 300g,300.0,1.0,G,8.89,8.89,C
K:SerToPpiony1O0g t 1szr 3 1a 9:4c,Ser Topiony 1O0g,100.0,1.0,G,3.19,,C
"K.ser Topiony 1Qps  1az7 2,19 2,19C",ser Topiony 1Qps,,1.0,SZT,2.19,2.19,C
"Belris ęa7siYo9 ,1SZT x2,19 2,19C",Belris ęa7siYo9,,1.0,SZT,2.19,2.19,C
"pskx*3 SPeć18 200 t 4SZT x2,99 11,96C",pskx3 SPeć 200,,4.0,SZT,2.99,11.96,C
"Rodz1nna0woceLeś200g i 1szr 6 99 5,oB",Rodzinna Owoce Leś 200g,200.0,1.0,G,6.99,6.99,B
"VerdinZioMali20xi,89 1 1s7T 3,99 ,99B","Verdin Zio Mali 20,89",,1.0,SZT,3.99,3.99,B
"VerdinFixHerbz2iai369 x 3sT 4,99 4,99B",Verdin Fix Herbziai 369,,,SZT,4.99,4.99,B
"FitoAptekaHer54Os9  S27 X4,99 9,98A",Fito Apteka Her 54Os9,,,SZT,4.99,9.98,A
"HsliAM1sk9nb4O9 1 1SZT x6,99 6,99B",Hsli AMisknb 4O9,,1.0,SZT,6.99,6.99,B
"RsksóTesznkad009* t 1SZT x8,89 8,89c",Rsksó Tesznkad 009,,1.0,SZT,8.89,8.89,C
"V1fonZupaKurczak2Z3ot t 6szTr x1, 79 10,990",Vifon Zupa Kurczak 2Z3ot,,6.0,SZT,1.79,10.74,
"QeiaMeezanka3oov c 1szr xa, a 8,880",Qeia Meezanka oov,,1.0,SZT,8.88,8.88,
"KTYTrt1e370w t 4szr x6,o7 28,286",KTYTrtie 370,,4.0,SZT,6.07,28.28,
"3ąU:thrz: y t 1SZT x3,49 3,49C",ąUthrz y,,1.0,SZT,3.49,3.49,C
"23/0skrobabwrwer300g t 3SZT x3,99 11'9rr",Oskrobabwrwer 300g,300.0,3.0,G,3.99,11.97,
"BułkiHotDog250g 1 1S7r, 91'2,76",Bułki Hot Dog 250g,250.0,1.0,G,2.76,2.76,
"7DawskakaoWanY11n t 3a7 3,4n 9,41C",7 Dawskakao Wan Yin,,,,3.4,9.41,C
"psa7xk.oRankiuU9 t źS7 X3,99 7,98C",psaxk. o Rankiu U9,,,,3.99,7.98,C
"C9tetowDrob1owa t 1S2T x2,79 2,79C",C9tetow Drobiowa,,1.0,SZT,2.79,2.79,C
"STD.Salami0stródzk1e* t 1SZT x6,94 6,94C",STD. Salami 0 stródzke,,1.0,SZT,6.94,6.94,C
"STDSzynkkonsKurc1O0g* t 1szr x3, 99 3,480",STD Szynkkons Kurc 1O0g,100.0,1.0,G,3.99,3.99,C
"ŚTD.POLE DRoB 25O G* t 1szTr x9,99 9,99C",ŚTD. POLE DRoB 25O G,250.0,1.0,G,9.99,9.99,C
"STDSzynkKonsKurc100g* t 1szTr x3, 99 3,99C",STD Szynk Kons Kurc 100g,100.0,1.0,G,3.99,3.99,C
"STDSzynkKonsKurc1OOg* t 1szTr x3, 99 3,99C",STD Szynk Kons Kurc 1OOg,100.0,1.0,G,3.99,3.99,C
"STDSzynkKoneKurc1OOg* t 1szT x3, 99 3,99C",STD Szynk Kone Kurc 1OOg,100.0,1.0,G,3.99,3.99,C
"KrakusParówkPierśKur* t 1SzT x7,29 7,29c",Krakus Parówk Pierś Kur,,1.0,SZT,7.29,7.29,C
"KrakusParówkP1earśKur* t 1SZT x7,29 7,29c",Krakus Parówk Piearś Kur,,1.0,SZT,7.29,7.29,C
"KrakusParówkP1erśKur* t 1SZT x7,29 7,29C",Krakus Parówk Pierś Kur,,1.0,SZT,7.29,7.29,C
"KrakusParówkPierśKur* t 1SZT x7,29 7,29C",Krakus Parówk Pierś Kur,,1.0,SZT,7.29,7.29,C
"KrakusParówkPierśKur* t 1SZT x7,29 7,29c",Krakus Parówk Pierś Kur,,1.0,SZT,7.29,7.29,C
"KrakusParówkPierśKur* t 1SZT x7,29 7,29C",Krakus Parówk Pierś Kur,,1.0,SZT,7.29,7.29,C
"KWIATY SZTUCZNE x210,00 210,00A",KWIATY SZTUCZNE,,,,210.0,210.0,A
"PAPIEROSY1 x19,99 19,99A",PAPIEROSY,,,,19.99,19.99,A
"CHLĘP C 1 -*12.00 12,00C",CHLĘP,,1.0,,12.0,12.0,C
"BUKA TARTA C 1-*9.,94 9,94C",BUKA TARTA,,1.0,,9.94,9.94,C
"_MAKAR. ŚWID. 400G 3 x 3,49 10,47C",MAKAR. ŚWID. 400G,400.0,3.0,G,3.49,10.47,C
"P_MIESZANKA STU 15OG 2 x 7,99 15,98C",MIESZANKA STU 15OG,150.0,2.0,G,7.99,15.98,C
"C_ALMETTE MI% 15OG 3 x 6,19 18,57C",ALMETTE MI 15OG,150.0,3.0,G,6.19,18.57,C
"C_MAM.PEST.DYNI 15OG 1  5,O0 S,00C",MAM. PEST. DYNI 15OG,150.0,1.0,G,5.0,5.0,C
"A_LE CHEF 12O SZT 2 x 2,69 5,389",LE CHEF 12O SZT,,2.0,SZT,2.69,5.38,
"C_KAJZERKA 50 G 10 x 0,39 3,90C",KAJZERKA 50 G,50.0,10.0,G,0.39,3.9,C
"C_SEREK HOM0G.150G 2 x 3,35 6,70C",SEREK HOM0G. 150G,150.0,2.0,G,3.35,6.7,C
" C_OGÓREK 1SZT. 3 x 2,99 8,97",OGÓREK 1SZT.,,3.0,SZT,2.99,8.97,
" C_BANANY LUZ 1 175 x 6,99 8,21C",BANANY LUZ,,1.175,,6.99,8.21,C
" C_TWAROG PÓŁ.LUZ 0,807 x 5,58 4,50C",TWAROG PÓŁ. LUZ,,0.807,,5.58,4.5,C
"yannyasśPnpoW4VUH iST 17,49 17,49A",yannyasśPnpoW4VUH,,,SZT,17.49,17.49,A
"nonpur9er200Og t 3S27T x2,63 7,89C",nonpur9er 200Og,2000.0,3.0,G,2.63,7.89,C
KLCPap1Szt H 1x7r *3'39 9'99*,KLC Pap,,,,3.39,9.99,
"FoxyTornado1s y e:5Ś!,X,29,2,29A",Foxy Tornadois,,,,2.29,2.29,A
"OPpUŚr -'  Zv:2 H l9T x19,89 19,89A",OPpUŚr,,,,19.89,19.89,A
LudwikPłynNaczynia9OOk 47ra ą o:4,Ludwik Płyn Naczynia 9OOk,,,,,,
"Schabcvańek''Vo91,1S1 X8,69 8,69A",SchabcvańekVo,,1.0,,8.69,8.69,A
"ay.Py9dh=KlK9 t 0,43KG x27,90 12,OOr",,0.43,,KG,27.9,12.0,
"MimolettakG 1 nY,92KG 229,90 6,58C","Mimolettak 1,92KG",0.029,,KG,229.9,6.58,C
"serserenadszwajcarKgY ,90 6,76",serserenadszwajcar Kg,,,KG,,6.76,
"KSerToPiony100g t 1szT x2,19 2,19C",Ser To Piony 100g,100.0,1.0,G,2.19,2.19,C
"K.Ser Topiony 100g t 1SZT x2,19 2,19C",Ser Topiony 100g,100.0,1.0,G,2.19,2.19,C
"Smietana18%tł.400g t 2SZT x4,55 9,10C",Smietana 18% tł. 400g,400.0,2.0,G,4.55,9.1,C
"Śmiet.Łaciata18%330g t 2SZT x4,99 9,98C",Śmiet. Łaciata 18% 330g,330.0,2.0,G,4.99,9.98,C
"SerekHomog.150g t 4SZT x3,15 12,60C",Serek Homog. 150g,150.0,4.0,G,3.15,12.6,C
"4ct1y1aJogurt4x120g* t 1SZT x7,99 7,99C",Actiyia Jogurt 4x 120g,120.0,,G,7.99,7.99,C
"ActiyiaJo9urt4x120g* t 1SZT x7,99 7,99C",Actiyia Jogurt 4x 120g,120.0,1.0,G,7.99,7.99,C
"SłynneMRRoślinne750gt 1SzT x10,99 10,99C",Słynne MRRoślinne 750g,750.0,1.0,G,10.99,10.99,C
"FantasiaJogurt102g t 4SzT x2,99 11,96C",Fantasia Jogurt 102g,102.0,4.0,G,2.99,11.96,C
"ActiyiaDoPicia2709* t 1SZT x4,69 4,69C",Actiyia Do Picia 2709,,1.0,SZT,4.69,4.69,C
"ActiviaDoPicia270g* t 1SZT x4,69 4,69C",Activia Do Picia 270g,270.0,1.0,G,4.69,4.69,C
"GalbaniMozz* t 1SZT x12,89 12,89C",Galbani Mozz,,1.0,SZT,12.89,12.89,C
"GalbaniMozz* t 1SZT x12,89 12,89C",Galbani Mozz,,1.0,SZT,12.89,12.89,C
"PrimaveraWodaźród1L H 6SZT x1,75 10,50A",Primavera Wodaźród 1L,1.0,6.0,L,1.75,10.5,A
"Cebula żółta 1kg t 1SZT x3,99 3,99C",Cebula żółta 1kg,1.0,1.0,KG,3.99,3.99,C
"Kajzerka pszenna 55g t 6SZT x0,35 2,10C",Kajzerka pszenna 55g,55.0,6.0,G,0.35,2.1,C
"Bułka śniadaniowa 70g t 4SZT x0,99 3,96C",Bułka śniadaniowa 70g,70.0,4.0,G,0.99,3.96,C
"BasiaMąkaTortowaExtr t 4SZT x3,49 13,96C",Basia Mąka Tortowa Extr,,4.0,SZT,3.49,13.96,C
"Cukier KryształBiałyi 10SZT x2,99 29,90B",Cukier Kryształ Białyi,,10.0,SZT,2.99,29.9,B
"LubellaMakaronSpagh. t 1SZT x7,69 7,69C",Lubella Makaron Spagh.,,1.0,SZT,7.69,7.69,C
"MajonezDekorac400ML i 1SZT x8,79 8,79B",Majonez Dekorac 400ML,400.0,1.0,ML,8.79,8.79,B
"GellwegalBorówka72g i 2SZT x1,99 3,98B",Gellwegal Borówka 72g,72.0,2.0,G,1.99,3.98,B
"KnorrFixSpaghettiBol i 3SZT x4,79 14,37B",Knorr Fix Spaghetti Bol,,3.0,SZT,4.79,14.37,B
"MarsBaton51g H 2SZT x3,99 7,98A",Mars Baton 51g,51.0,2.0,G,3.99,7.98,A
"SnickersBaton50g H 2SZT x3,99 7,98A",Snickers Baton 50g,50.0,2.0,G,3.99,7.98,A
"BatMa9zorzWGorzCze* H 1SZT x3,59 3,59A",Bat Magzorz W Gorz Cze,,1.0,SZT,3.59,3.59,A
"BatMagZOrzWGorzCze* H 1SZT x3,59 3,59A",Bat Mag Zorz W Gorz Cze,,1.0,SZT,3.59,3.59,A
"CukierkiKopaln80g H 1SZT x3,79 3,79A",Cukierki Kopaln 80g,80.0,1.0,G,3.79,3.79,A
"23/OskrobaHotDog240g t 3SZT x3,99 11,97c",Oskroba Hot Dog 240g,240.0,3.0,G,3.99,11.97,C
"K.ChlebTost psą ,ż_ x3,49 10,47C",ChlebTost psą,,,,3.49,10.47,C
"MialsL.zt:UU9 t 1SZT x3 go o'A,",Mials,,1.0,SZT,3.0,,A
"re|ohkalyrolska27Oo + 1czr ż, z,99C",,,1.0,,,,C
"IndykpolpaeńLx&żąY, t1S7 x5,89 5,89C",,,1.0,SZT,5.89,5.89,C
"nnęY""""saoP0KalU09* t 1SZ27T x4,29 4'oA",,,1.0,SZT,4.29,4.29,A
"PolędwicaSopocka100g* t 1szr , 9a ź:14C",Polędwica Sopocka 100g,100.0,1.0,G,4.14,,C
"A_PIWO HOLBA 0,5 L 3 x 4,99 14,97A","PIWO HOLBA 0,5 L",0.5,3.0,L,4.99,14.97,A
"C_SEREK CAPRI 220G 3 x 4,00 12,00C",SEREK CAPRI 220G,220.0,3.0,G,4.0,12.0,C
"A_P%&S BLUE 100 1 x 19,99 19,99A",PS BLUE 100,,1.0,,19.99,19.99,A
"A_WODA NIEGAZO.6-PAK 1 x 5,94 5,94A",WODA NIEGAZO. 6-PAK,,1.0,,5.94,5.94,A
"ŁowickieUHT 3,2%t.1Lt 12SZT x3, 79 45,480","Łowickie UHT 3,2% t. 1L",1.0,12.0,L,3.79,45.48,
"CMASŁO ŁACIATE 2ZOOG 12 x 9,99 119,88C",CMASŁO ŁACIATE 2ZOOG,2700.0,12.0,G,9.99,119.88,C
"CHERBATNI. ZOO 2OOG 1 x 5,39 5,39C",CHERBATNI. ZOO 2OOG,200.0,1.0,G,5.39,5.39,C
"C_BUŁKI BUR6ER 220 G 1 x 5,09 5,09C",BUŁKI BURGER 220 G,220.0,1.0,G,5.09,5.09,C
"C_HAMBURGER 250G 1 x 3,99 3,99C",HAMBURGER 250G,250.0,1.0,G,3.99,3.99,C
"C_PASZTETO0WA 300G 1 x 2,89 2,89C",PASZTETO0WA 300G,300.0,1.0,G,2.89,2.89,C
"A_REGINA 10 SZT. 1 x 3,59 3,59A",REGINA 10 SZT.,,1.0,SZT,3.59,3.59,A
"C_SEREK H0MO6,150G 3 x 2,79 8,37","SEREK HOMO, 150G",150.0,3.0,G,2.79,8.37,
"C_PUDDING 200G 2 x 2,35 4,70C",PUDDING 200G,200.0,2.0,G,2.35,4.7,C
"C_KAJZERKA 50 G 6 x 0,39 2,34C",KAJZERKA 50 G,50.0,6.0,G,0.39,2.34,C
"A_P8S BLUE 100 1 x 19,99 19,99A",PS BLUE 100,,1.0,,19.99,19.99,A
"DA 0AZOWAN.3-FAK 1 x 7,14 7 19A",DA AZOWAN. 3-FAK,,1.0,,7.14,7.19,A
"PLZ 3OLĄ 240 0 3 x 5,49 16 47C",PLZ OLĄ 240,,3.0,,5.49,16.47,C
"M:RBATNI ZOO 2C0G 1 x 5,39 5 39",RBATNI ZOO 2C0G,220.0,1.0,G,5.39,5.39,
"JJA M 10SZT 2 x 8,99 1798",JJA M 10SZT,,2.0,SZT,8.99,17.98,
"PRCRD3OŁ.KUR LUZ 0.642 x 7,5B 4 87C",PRCRD3OŁ. KUR LUZ,,0.642,,7.58,4.87,C
"PRC RD3OŁ.KUR LUZ 0,496 x 7,5B 3 76C",PRC RDOŁ. KUR LUZ,,0.496,,7.58,3.76,C
"BeTriso Special 20D t 3S2T x2,79 8,37C",Be Triso Special 20D,,3.0,SZT,2.79,8.37,C
"Joyur c:aniliowy350g t 1SZTx279 2,79C e",Joyur caniliowy 350g,350.0,1.0,G,2.79,2.79,C
"K.Ser Topiony 100g t 2SZT x2,09 4,18C",Ser Topiony 100g,100.0,2.0,G,2.09,4.18,C
"Banany kg t 1,32KG x3,39 4,47C",Banany kg,1.32,,KG,3.39,4.47,C
"Kajzerka pszenna 55g t 8SZT x0,35 2,80C",Kajzerka pszenna 55g,55.0,8.0,G,0.35,2.8,C
"GellweKwasekCytrynow H 2SZT x1,39 2,78A",Gellwe Kwasek Cytrynow,,2.0,SZT,1.39,2.78,A
"K.Krem0rzechows75O i 1S2T x16,99 16,99A A",Krem Orzechows 75O,,1.0,SZT,16.99,16.99,A
"KLC.Tymianek1OG i 1SZT x1,19 1,19B",KLC. Tymianek 1OG,10.0,1.0,G,1.19,1.19,B
"Galeo0regano8g t 1SZ x1,39 1,39C",Galeo Oregano 8g,8.0,1.0,G,1.39,1.39,C
"WiniaryRosołWoło180g t 3SZT x5,79 17,37C",Winiary Rosoł Woło 180g,180.0,3.0,G,5.79,17.37,C
"KinderBuenoBaton43g t 3SZT x3,79 11,37C o",Kinder Bueno Baton 43g,43.0,3.0,G,3.79,11.37,C
"K.ChlebTost.Psz5O0g t 2SZT x3,14 6,28C",Chleb Tost. Psz 5O0g,500.0,2.0,G,3.14,6.28,C
"MielonkaTyrolska270g t 1SZT x5,89 5,89C",Mielonka Tyrolska 270g,270.0,1.0,G,5.89,5.89,C
"STD.Parówki.Wp.750g t 1SZT x11,49 11,49C",STD. Parówki. Wp. 750g,750.0,1.0,G,11.49,11.49,C
"PasztetowaDrobiowa t 1SZT x2,79 2,79C",Pasztetowa Drobiowa,,1.0,SZT,2.79,2.79,C
"MajonezDekorac7OOML 1 4S2T x14,99 59,96B",Majonez Dekorac 7OOML,700.0,4.0,ML,14.99,59.96,B
"KLC.TortillaPsze37Og t 2SZT x5,07 10,14",KLC. Tortilla Psze 37Og,370.0,2.0,G,5.07,10.14,
"K.ChlebTost.Psz5OOg t 2SŻT x2,99 5,98C",Chleb Tost. Psz 5OOg,500.0,2.0,G,2.99,5.98,C
"MielonkaTyrolska27Og t 1SZT x5,89 5,89C",Mielonka Tyrolska 27Og,270.0,1.0,G,5.89,5.89,C
"STDSzynkKonsKurc100g* t 1SZT x5,49 5,49C",STD Szynk Kons Kurc 100g,100.0,1.0,G,5.49,5.49,C
"STDSzynkKonsKurc100g* t 1SZT x5,49 5,49C",STD Szynk Kons Kurc 100g,100.0,1.0,G,5.49,5.49,C
"STDSzynkKonsKurc100gw t 1SZT x5,49 5,49C",STD Szynk Kons Kurc 100g,100.0,1.0,G,5.49,5.49,C
"STDSzynkKonsKurc1O0g t 1SZT x5,49 5,49C",STD Szynk Kons Kurc 100g,100.0,1.0,G,5.49,5.49,C
"STDSzynkKonsKurc100g* t 1SZT x5,49 5,49C",STD Szynk Kons Kurc 100g,100.0,1.0,G,5.49,5.49,C
"STDSzynkKonsKurc100gx t 1SZT x5,49 5,49C",STD Szynk Kons Kurc 100g,100.0,1.0,G,5.49,5.49,C
"STDSzynkKonsKurc100g t 1SZT x5,49 5,49C",STD Szynk Kons Kurc 100g,100.0,1.0,G,5.49,5.49,C
"STDSzynkKonsKurc100g* t 1SZT x5,49 5,49C",STD Szynk Kons Kurc 100g,100.0,1.0,G,5.49,5.49,C
"STDSzynkKonsKurc100g* t 1SZT x5,49 5,49C",STD Szynk Kons Kurc 100g,100.0,1.0,G,5.49,5.49,C
"STDSzynkKonsKurc100g* t 1SZT x5,49 5,490",STD Szynk Kons Kurc 100g,100.0,1.0,G,5.49,5.49,
JogurtMiikoTrus33Oml t 1Sr 3 99'3'99,Jogurt Miiko Trus 33Oml,330.0,1.0,ML,3.99,3.99,
"JogurtMilkoTrus33Oml t 1SZT x3,99 3,99C",Jogurt Milko Trus 33Oml,330.0,1.0,ML,3.99,3.99,C
"JogurtMilkoWiś33Oml t 1SZT x3,99 3,99C",Jogurt Milko Wiś 33Oml,330.0,1.0,ML,3.99,3.99,C
"oyu tMilkoTrus330ml* t 1SZT x3,99 3,99C",oyu Milko Trus 330ml,330.0,1.0,ML,3.99,3.99,C
"grtMilkoTrus33Oml* t 1SZT x3,99 3,99C",grt Milko Trus 33Oml,330.0,1.0,ML,3.99,3.99,C
"#TkaMrągowska1L* t 1SZT x5,49 5,49C",Tka Mrągowska 1L,1.0,1.0,L,5.49,5.49,C
".ankaMrągowska1L* t 1SZT x5,49 5,49C",anka Mrągowska 1L,1.0,1.0,L,5.49,5.49,C
"rekHomoNatur15Og*t 1SZT x3,59 3,59C",rek Homo Natur 15Og,150.0,1.0,G,3.59,3.59,C
"r ekHonoNatur15Og*t 1SZT x3,59 3,59C",ekHonoNatur15Og,150.0,1.0,G,3.59,3.59,C
"er ekHomoNatur 15Og*t 1SZT x3,59 3,59C",ekHomoNatur 15Og,150.0,1.0,G,3.59,3.59,C
"BASwrekViomoNatur15Og*t 1SZT x3,59 3,59C",BA Swrek Viomo Natur 15Og,150.0,1.0,G,3.59,3.59,C
"JugurtMilkoTrus33Oml* t 1SZT x3,99 3,99C",Jugurt Milko Trus 33Oml,330.0,1.0,ML,3.99,3.99,C
"JogurtMilkoWis33Oml t 1SZT x3,99 3,99C",Jogurt Milko Wis 33Oml,330.0,1.0,ML,3.99,3.99,C
"JogurtMilk+i:::3Oml 1I x3,99 3,99C",Jogurt Milk 3Oml,30.0,1.0,ML,3.99,3.99,C
wrtBrzoskMara35Og* t 19ZT X2.79 2.79C,wrt Brzosk Mara 35Og,350.0,1.0,G,2.79,2.79,C
MiedzybórzJogNat330g* t 1SZT X.49 2.49t,Miedzybórz Jog Nat 330g,330.0,1.0,G,2.49,2.49,
JogurtMilkoTrus33Oml* t 1SZr x3 99'3'99r,Jogurt Milko Trus 33Oml,330.0,1.0,ML,3.99,3.99,
"JogurtMilkoTrus33Oml* t 1SZT x3,99 3,99C",Jogurt Milko Trus 33Oml,330.0,1.0,ML,3.99,3.99,C
"JogurtMilkoWis33Oml t 1SZT x3,99 3,99C",Jogurt Milko Wis 33Oml,330.0,1.0,ML,3.99,3.99,C
"ogu tMilkoTrus330ml* t 1SZT x3,99 3,99C",ogu Milko Trus 330ml,330.0,1.0,ML,3.99,3.99,C
"gr tMilkoTrus33Oml* t 1SZT x3,99 3,99C",grt Milko Trus 33Oml,330.0,1.0,ML,3.99,3.99,C
"#lakaMrągowska1L* t 1SZT x5,49 5,49C",laka Mrągowska 1L,1.0,1.0,L,5.49,5.49,C
"lankaMrągowska1L* t 1SZT x5,49 5,49C",lanka Mrągowska 1L,1.0,1.0,L,5.49,5.49,C
"erekHomoNatur15Og*t 1SZT x3,59 3,59C",erek Homo Natur 15Og,150.0,1.0,G,3.59,3.59,C
" ekHomoNatur15Og*t 1SZT x3,59 3,59C",ek Homo Natur 15Og,150.0,1.0,G,3.59,3.59,C
"a:*rekHomoNatur15Og*t 1SZT x3,59 3,59C",rek Homo Natur 15Og,150.0,1.0,G,3.59,3.59,C
"BASwrekHomoNatur15Og*t 1SZT x3,59 3,59C",BASwrek Homo Natur 15Og,150.0,1.0,G,3.59,3.59,C
"JugurtMilkoTrus33Oml t 1SZT x3,99 3,99C",Jugurt Milko Trus 33Oml,330.0,1.0,ML,3.99,3.99,C
"JogurtMilkoNis33Omlx c 1SZT x3,99 3,99C",Jogurt Milko Nis 33Oml,330.0,1.0,ML,3.99,3.99,C
"JogurtMilk+Yi ::3m 1 x3,99 3,99C",Jogurt Milk,,1.0,,3.99,3.99,C
wrtBrzoskMara35Og* t 19ZT 2.79 2.79C,wrt Brzosk Mara 35Og,330.0,1.0,G,2.79,2.79,C
"JogurtWaniliowy35Og* t 19l X279 ,9t",Jogurt Waniliowy 35Og,350.0,,G,2.79,2.79,
MiedzybórzJogNat330g* t 1SZT X2.49 2.4YC,Miedzybórz Jog Nat 330g,330.0,1.0,G,2.49,2.49,C
"o94rtMilkoTrus33Oml* t 1gzr ą ąg'9,84.",Milko Trus 33Oml,330.0,1.0,ML,3.99,9.84,
ogutMilkoTrus33Oml t 1SZT 3 99 ą'9,ogut Milko Trus 33Oml,330.0,1.0,ML,3.99,3.99,
"gutMilkoTrus33Omlx t 19SZT x3,99 3,99r",gut Milko Trus 33O ml,330.0,1.0,ML,3.99,3.99,
"akaMrayowska1L* t 1SZT x5,49 5,49C",aka Mrayowska 1L,1.0,1.0,L,5.49,5.49,C
"ankaMrągowska1L* t 1SZT x5,49 5,49C",anka Mrągowska 1L,1.0,1.0,L,5.49,5.49,C
"r ekHomoNatur15Og*t 1SZT x3,59 3,59C",ek Homo Natur 15Og,150.0,1.0,G,3.59,3.59,C
"ekiomoNatur15Og*t 1SZT x3,59 3,59C",,,1.0,SZT,3.59,3.59,C
"ćerkHomoNatur15Og*t 1SZT x3,59 3,59C",ćerk Homo Natur 15Og,150.0,1.0,G,3.59,3.59,C
"ASvrekiomoNatur15Og*t 1SZT x3,59 3,59C",Svrekiomo Natur 15Og,150.0,1.0,G,3.59,3.59,C
"JugurtMilkoTrus330ml* t 1SZT x3,99 3,99C",Jugurt Milko Trus 330ml,330.0,1.0,ML,3.99,3.99,C
"JogurtMilkoWiś33O0mlx c 1SZT x3,99 3,99C",Jogurt Milko Wiś 33O0 ml,3300.0,1.0,ML,3.99,3.99,C
"JogurtMilk:Yi30ml 12T x3,99 3,99C",Jogurt Milk 30ml,30.0,1.0,ML,3.99,3.99,C
uwrtBr zoskMara35Og* t 192T x2./9 2.79C,uwrt Brzosk Mara 35Og,350.0,1.0,G,2.79,2.79,C
"JoyurtWaniliowy35Og* t 19l ,79 ź.,gc",Joyurt Waniliowy 35Og,350.0,1.0,G,2.79,,C
"MiedzvbórzJogNat330g* t 1S! ,49 ź.4Yt",Miedzvbórz Jog Nat 330g,330.0,1.0,G,2.49,,
"9urtMlkorus33Oml t 1S2 x3,99 3 99C",urt Mlkorus 33Oml,330.0,1.0,ML,3.99,3.99,C
"JogurtMilkoWis33Oml= t 1SZT x3,99 3,99C",Jogurt Milko Wis 33Oml,330.0,1.0,ML,3.99,3.99,C
"oygutMilkoTrus33Oml* t 1SZT x3,99 3,99C",oygut Milko Trus 33Oml,330.0,1.0,ML,3.99,3.99,C
"grtMilkoTrus33Omlx t 1SZT x3,99 3,99C",grt Milko Trus 33O ml,330.0,1.0,ML,3.99,3.99,C
"#lkaMrągowska1L* t 1SZT x5,49 5,49C",lka Mrągowska 1L,1.0,1.0,L,5.49,5.49,C
"lankaMrągowska1L* t 1SZT x5,49 5,49C",lanka Mrągowska 1L,1.0,1.0,L,5.49,5.49,C
"rekHomoNatur150g*t 1SZT x3,59 3,59C",rek Homo Natur 150g,150.0,1.0,G,3.59,3.59,C
"ekomoNatur15Og*t 1SZT x3,59 3,59C",ekomo Natur 15Og,150.0,1.0,G,3.59,3.59,C
"kHomoNatur15Og*t 1SZT x3,59 3,59C",Homo Natur 15Og,150.0,1.0,G,3.59,3.59,C
"BAśwrekHomoNatur15Og*t 1SZT x3,59 3,59C",BAśwrek Homo Natur 15Og,150.0,1.0,G,3.59,3.59,C
"JogurtMilkoTrus330ml* t 1SzT x3,99 3,99C",Jogurt Milko Trus 330ml,330.0,1.0,ML,3.99,3.99,C
"JogurtMilko#iś33Omi t 1SzT x3,99 3,99C",Jogurt Milko iś 33O ml,330.0,1.0,ML,3.99,3.99,C
"o9urtMilk%i::3Om 1I x3,99 3,99C |",,,1.0,,3.99,3.99,C
"vuwrtBrzoskMara35Og* t 1SZT x2,79 2,79C",vuwrt Brzosk Mara35Og,350.0,1.0,G,2.79,2.79,C
"JogurtWaniliowy35Og* t 1SZT x2,79 2,79C",Jogurt Waniliowy 35Og,1.0,1.0,G,2.79,2.79,C
"MięedzybórzJogNat330g t 1SZT x2,49 2,49C",Mięedzybórz Jog Nat 330g,1.0,1.0,G,2.49,2.49,C
"ActiviaJogurt4x120g* t 1SZT x7,99 7,99C",Activia Jogurt 4x 120g,120.0,1.0,G,7.99,7.99,C
"ActiviaJogurt4x120g* t 1SZT x7,99 7,99C",Activia Jogurt 4x 120g,120.0,1.0,G,7.99,7.99,C
"ActiviaJogurt4x120g* t 1SZT x7,99 7,99C",Activia Jogurt 4x 120g,120.0,1.0,G,7.99,7.99,C
"ActiviaJogurt4x12Og* t 1SZT x7,99 7,99C",Activia Jogurt 4x 12Og,120.0,1.0,G,7.99,7.99,C
"viaJogurt4x12Og* t 1SZT x7,99 7,99C",via Jogurt 4x 12Og,120.0,1.0,G,7.99,7.99,C
"oSerekNiejski2OOg* t 1SZT x3,09 3,O9C",Serek Niejski 2OOg,200.0,1.0,G,3.09,3.09,C
"KWIATY SZTUCZNE 1 x25,00 25,88A",KWIATY SZTUCZNE,,1.0,,25.0,25.88,A
"KWIATY SZTUCZNE 1 x22,00 22,88A",KWIATY SZTUCZNE,,1.0,,22.0,22.88,A
"PAPIEROSY 1 x19,99 19,99A",PAPIEROSY,,1.0,,19.99,19.99,A
"ARTDEKORACYJNE 1 x3,90 3,90A",ARTDEKORACYJNE,,1.0,,3.9,3.9,A
"A_WODA NIEGAZO.6-PAK  x 5,94 5,94A",WODA NIEGAZO. 6-PAK,,1.0,,5.94,5.94,A
"R_WODA GAZOWAN.6-PAK 1 x 7,14 ,1A",WODA GAZOWAN. 6-PAK,,1.0,,7.14,7.14,A
"A_ZESZYT A5/80 2 x 3,99 7,98A",ZESZYT A5/80,,2.0,,3.99,7.98,A
"C_LODY COLDINO 1L 1 x 8,79 8,79C",LODY COLDINO 1L,1.0,1.0,L,8.79,8.79,C
"C_LODY COLDINO B,1L 1 x 8,79 8,79C","LODY COLDINO B,1L",1.0,1.0,L,8.79,8.79,C
"A_PAPIER TOALET.MAXI 2 x 2,49 4,98A",PAPIER TOALET. MAXI,,2.0,,2.49,4.98,A
"C_BANANY LUZ 0.960 x 6,99 6,71C",BANANY LUZ,,0.96,,6.99,6.71,C
"C_ZIEMNIAK WCZ. LUZ 3,560 x 2,99 10,69C",ZIEMNIAK WCZ. LUZ,,3.56,,2.99,10.69,C
"C_ZIEMNIAK WCZ LUZ 3,.275 x 2,99 9,79",ZIEMNIAK WCZ LUZ,,3.275,,2.99,9.79,
"C_ZIEMNIAK WCZ LUZ 2.865 x 2,99 8,57C",ZIEMNIAK WCZ LUZ,,2.865,,2.99,8.57,C
"C_ZIEMNIAK WCZ. LUZ 2,88O x 2,99 8,61C",ZIEMNIAK WCZ. LUZ,,2.88,,2.99,8.61,C
"JajaŚciółkoweL10 t 3SZT x11,99 35,97C",Jaja Ściółkowe L10,,3.0,SZT,11.99,35.97,C
"OsoleSólWarzonaJodow H 3SZT x3,49 10,47A",Osole Sól Warzona Jodow,,3.0,SZT,3.49,10.47,A
"KnorrSosDoSałatekWło i 2SZT x1,65 3,30B",Knorr Sos Do Sałatek Wło,,2.0,SZT,1.65,3.3,B
"KnorrSosDoSałatekWin i 2SzT x1,65 3,30B",Knorr Sos Do Sałatek Win,,2.0,SZT,1.65,3.3,B
"KnorrSosDoSałatekGre 1 2SZT x1,65 3,30B",Knorr Sos Do Sałatek Gre,,2.0,SZT,1.65,3.3,B
"KnorrDoMięs200g i 1SZT x7,99 7,99B",Knorr Do Mięs 200g,200.0,1.0,G,7.99,7.99,B
"yskie4xO,5lPuszka H 1S2 x12,92,9A","yskie 4x O,5l Puszka",5.0,1.0,L,12.9,12.99,A
"Nawózwarzyw1ky 1 192T x1,99 1,99B",Nawózwarzywiky,,1.0,SZT,1.99,1.99,B
"soKoŁóWB19B9 1szr i4,9s 14,99c",soKoŁóW B19B9,,1.0,SZT,14.99,14.99,C
"K-SMBurgerNoł22Og* t 1SZT x7,98 7,98C",SMBurger Noł 22Og,220.0,1.0,G,7.98,7.98,C
"K.Pizza 1kg t 3SZT x11,49 34,47C",Pizza 1kg,1.0,3.0,KG,11.49,34.47,C
"MlekoWypasione3,2%1L t 1SZT x4,49 4,49C","Mleko Wypasione 3,2% 1L",1.0,1.0,L,4.49,4.49,C
"MlekoWypasione3,2%1* t 1S7T x.49 449C","Mleko Wypasione 3,2% 1L",1.0,1.0,L,4.49,4.49,C
"MlekoWypasione3,2%1L* t 1SZT x4,49 4,49C","Mleko Wypasione 3,2% 1L",1.0,1.0,L,4.49,4.49,C
"JogurtMilko2ura33Oml t 1S2 x3,99 3,99C",Jogurt Milkoura 33Oml,330.0,1.0,ML,3.99,3.99,C
"NMlekpolKefir1l  9 ,r",NMlekpol Kefir 1l,1.0,,L,,,
"Alnme:JurkwioloOy k 3 ,:9 a,99",Alnme Jurkwiolo Oy,,,,,3.99,
"AlmetteSerekWie150g* t S7l,59 3,59C",Almette Serek Wie 150g,150.0,,G,3.59,3.59,C
"SerekHomog.150g t 8S7 x3,15 25 20C",Serek Homog. 150g,150.0,8.0,G,3.15,25.2,C
"DrożdzeBabuniJ00g* H lzT xl,99 l.,99A",Drożdze Babuni 100g,100.0,1.0,G,1.99,1.99,A
"DrozdzeBabuni100yg* H 1S7 xi 99 l.,99A",Drozdze Babuni 100g,100.0,1.0,G,1.99,1.99,A
"C_SURÓWKA MEKS.300 G 4 x 1,59 6,36C",SURÓWKA MEKS. 300 G,300.0,4.0,G,1.59,6.36,C
"C_JAJA L%104 x 13,59 54,36C",JAJA,,4.0,,13.59,54.36,C
"C_KAJZERKA 50 G6 x 0,392,34C",KAJZERKA 50 G,50.0,6.0,G,0.39,2.34,C
"MasloEkstra200g C 6 x9,49 56,94C",MasloEkstra200g,200.0,6.0,G,9.49,56.94,C
"HLEB PRASKI AGATn 1000GC 1SZT x8,95 3,95C",HLEB PRASKI AGATn 1000G,1000.0,1.0,G,8.95,3.95,C
"HLEB PRASKI AGATA00GC 1SZT x8,95 95C",HLEB PRASKI AGATA 100G,,1.0,G,8.95,8.95,C
"RZEMESZ MĄKA ZIE ACZANA 1kgC 4szt x6,99 27,96C",RZEMESZ MĄKA ZIE ACZANA 1kg,1.0,4.0,KG,6.99,27.96,C
"EIATAN CHRZAN TARTY 160gC 1szt x2,99 2,99C",EIATAN CHRZAN TARTY 160g,160.0,1.0,G,2.99,2.99,C
"ANANY 1 GATC 1,195kg x3,99 4,77C",ANANY 1 GAT,1.195,,KG,3.99,4.77,C
"xa24tPHD ,0st C 2 x21,99 43,98C",,,2.0,,21.99,43.98,C
"P9B69t009 C 6 x9,49 56,94C",,,6.0,,9.49,56.94,C
"Setry A 1 szl*14.99 14,99A",Setry,,1.0,SZT,14.99,14.99,A
"DegaPaprykarz250g t 1SZT x3,89 3,89C",Dega Paprykarz 250g,250.0,1.0,G,3.89,3.89,C
"DrOetkerBudyńWanilio t 3SZC x1,29 3,8zr",Dr Oetker Budyń Wanilio,,3.0,SZT,1.29,3.87,
"KamisPieprzCzarnyZia i 1SZT x2,19 2,19B",Kamis Pieprz Czarny Zia,,1.0,SZT,2.19,2.19,B
"KamisGoździki9g i 1SZT x2,19 2,19B",Kamis Goździki 9g,9.0,1.0,G,2.19,2.19,B
"KamisZiołaProwansals i 1SZT x2,19 2,19B",Kamis Zioła Prowansals,,1.0,SZT,2.19,2.19,B
"OlejWielkopolski1l t 3SZT x8,49 25,47C",Olej Wielkopolski 1l,,3.0,SZT,8.49,25.47,C
"HerbatnikiPetit400G t 1SZT x5,79 5,79C",Herbatniki Petit 400G,400.0,1.0,G,5.79,5.79,C
"KLCBiszkopty180g t 2SZT x3,59 7,18C",KLC Biszkopty 180g,180.0,2.0,G,3.59,7.18,C
"FamilijneWafle180g t 1SZT x2,99 2,99C",Familijne Wafle 180g,180.0,1.0,G,2.99,2.99,C
"Śmiejżelki kwaśne 180gH 1SZT x4,99 4,99A",Śmiejżelki kwaśne 180g,180.0,1.0,G,4.99,4.99,A
"WedelCzek.Gorz80%80gH 2SZT x11,99 23,98A",Wedel Czek. Gorz 80% 80g,80.0,2.0,G,11.99,23.98,A
"WedelCzekMleczna90g H 2SZT x7,99 15,98A",Wedel Czek Mleczna 90g,90.0,2.0,G,7.99,15.98,A
"BułkiHambuSezam6x50g t 1SZT x5,49 5,49C",Bułki Hambu Sezam 6x 50g,50.0,1.0,G,5.49,5.49,C
"ZWYCZAJNA W C 1.59-*38,10",ZWYCZAJNA W,,1.59,,38.1,38.1,C
"PASZTETOWA C O.,09-35.8O 3,22C",PASZTETOWA,,0.09,,35.8,3.22,C
"CHLEB C 2 -11.50 23,00C",CHLEB,,2.0,,11.5,23.0,C
"CUKTERK LUZ A 13,76 3,76A",CUKTERK LUZ,,,,3.76,3.76,A
"KOAC7YK PACZEK C 2-3,90 7,80C",KOAC7YK PACZEK,,2.0,,3.9,7.8,C
"Wk1ad Parafino H 2SZT x9,99 19,98A",Wk1ad Parafino,,2.0,SZT,9.99,19.98,A
"unw'e'koP0SKll t 3SZT x8,49 25,47C",unweko POSKll,,3.0,SZT,8.49,25.47,C
"YanoHiamburger20Dy t 2SZT x2,63 5,26C",Yano Hiamburger,,2.0,SZT,2.63,5.26,C
"SerSerenadaBabunkG t 0,29KG x26,90 7,800",Ser Serenada Babunk,0.29,,KG,26.9,7.8,
"KurczakGotowany t 0,346K6 x26,90 9,31C",Kurczak Gotowany,0.346,,KG,26.9,9.31,C
"KurczakGotowany t O,664K5 x26,9O 17,86C",Kurczak Gotowany,0.664,,KG,26.9,17.86,C
"K-SMMieloneZFilKurcz* t 1S2T x9,99 9,99C",Mielone Z Fil Kurcz,,1.0,SZT,9.99,9.99,C
"K-SMSercaZKurcz400Og* t 1SzT x4,88 9,88C",Serca Z Kurcz 400Og,4000.0,,G,4.88,4.88,C
"HortexZupaJesienna t 2SZT x5,00 10,00C",Hortex Zupa Jesienna,,2.0,SZT,5.0,10.0,C
"TwarójPółtłusty250G t 2SZT x5,79 11,58C",Twarój Półtłusty 250G,250.0,2.0,G,5.79,11.58,C
"ŁowickieUHT 3,2%t.1Lt 12SZT x3,79 45,48C","Łowickie UHT 3,2% t. 1L",1.0,12.0,L,3.79,45.48,C
"MlekpolKefir1l t 4SZT x5,99 23,96C",Mlekpol Kefir 1l,,4.0,SZT,5.99,23.96,C
"śmietana18%tł.400g t 1SZT x5,19 5,19C",śmietana 18% tł. 400g,400.0,1.0,G,5.19,5.19,C
"SerekHomog.150g t 2SZT x3,15 6,30c",Serek Homog. 150g,150.0,2.0,G,3.15,6.3,C
"BułkiHambSezam300g t 2SZT x3,32 6,64C",Bułki Hamb Sezam 300g,300.0,2.0,G,3.32,6.64,C
"Sety A 1 szt*9.99 9,994",Sety,,1.0,SZT,9.99,9.99,
"ux żelŻdo prania Color 53O0 gŻ A 1 szt*39,993999",ux żel do prania Color 53O0 g,5300.0,1.0,G,39.99,39.99,
"Podkoszulki daMskie A 1 zt*9.99 9,99",Podkoszulki daMskie,1.0,1.0,SZT,9.99,9.99,
nie dzieoięce od 105 oM d0 158 cM A 1 szt*4.999,nie dzieoięce od 105 oM d0 158 cM,,1.0,SZT,4.99,4.99,
onie dzieoięce od 105 cM do 158 cM A 1 szt*4.9999,onie dzieoięce od 105 cM do 158 cM,,1.0,SZT,4.99,4.99,
"onie dziecięce od 105 oM do 158 cM A 1 szt*4,9999",onie dziecięce od 105 oM do 158 cM,,1.0,SZT,4.99,4.99,
onie dziecięce od 105 o1 do 158 oM A 1 szt*4.9949,onie dziecięce od 105 o1 do 158 oM,,1.0,SZT,4.99,4.99,
odnie dziecięce od 105 o1 do 158 o1 A 1 szt*4.9999,odnie dziecięce od 105 o1 do 158 o1,,1.0,SZT,4.99,4.99,
"podnie dziecięce od 105 oM do 158 cM A 1 szt*4,9999",podnie dziecięce od 105 oM do 158 cM,,1.0,SZT,4.99,4.99,
onie dziecięce od 105 o1 do 158 cM A 1 szt*49999,onie dziecięce od 105 o1 do 158 cM,,1.0,SZT,4.99,4.99,
"Spodnie jeans daM0kie A 1 szt*14,99 1499",Spodnie jeans daM0kie,,1.0,SZT,14.99,14.99,
"Bizy, polay A 1 szt*17.99 1798A","Bizy, polay",,1.0,SZT,17.99,17.99,A
"Buzy, olay A 1 ezt*1799 -1798A","Buzy, olay",1.0,1.0,SZT,17.99,17.99,A
DYDEGREAŚER SPR4Y 7OO L (ODTEUSZC A 1z*1499149,DYDEGREAŚER SPR4Y 7OO L,700.0,1.0,L,14.99,14.99,A
"Spodnie daMkie pozostałe A 1 szt*11.99 11,99",Spodnie daMkie pozostałe,,1.0,SZT,11.99,11.99,
".DA GAZOWAN.5-FAK 1 x 7,14 7 149",DA GAZOWAN. 5-FAK,,1.0,,7.14,7.14,
"LKUC1ENNA  KG 1 x 1,89 1 899",LKUC1ENNA  KG,1.0,,KG,1.89,1.89,
"MNJ.D:KOK. 25CML 2 x 6,45 12 909",MNJ. DKOK. 25ML,25.0,2.0,ML,6.45,12.9,
"S:REKC4PRI 220C 6 x 3,02 18 12",S:REKC4PRI 220,,6.0,,3.02,18.12,
"FB.D''N 4JG 0 x 1,39 12 51",FB. DN 4KG,4.0,,G,1.39,12.51,
"IET.L3CIATA 330G 2 x 3,99 7 98",IET. LCIATA 330G,330.0,2.0,G,3.99,7.98,
"J.0URT 400G 3 x 3,25 9 75",JOGURT 400G,400.0,3.0,G,3.25,9.75,
"2OSNEK GRAN. 8C G 1 x 3,49 3 49C",OSNEK GRAN. 8,,1.0,,3.49,3.49,C
":LATYN3 SPOZ 50G 1 x 4,99 4 99B",LATYN3 SPOZ 50G,50.0,1.0,G,4.99,4.99,B
"B:.STI.1IG. 120 ML 3 x 9,99 29 97",STI. IG. 120 ML,120.0,3.0,ML,9.99,29.97,
"K:PUSTA WCZESNA 1 x 2,99 2 99C",K:PUSTA WCZESNA,,1.0,,2.99,2.99,C
CHLEB PRASKT HCATA 1OU0C,CHLEB PRASKT HCATA 1OU0,,,,,,
NICZŁK JAJKA 1O SZTC,NICZŁK JAJKA 1O SZT,,10.0,SZT,,,C
"Z PIECA KRUPNIOKC 1 szt 1,25=,25",Z PIECA KRUPNIOKC,,1.0,SZT,1.25,1.25,C
"C_JAJA Z0M 3 x 15,99 47,97C",JAJA Z0M,,3.0,,15.99,47.97,C
"A_WODA GAZOWAN.6-PAK 1 x 7,14 7,19A",WODA GAZOWAN. 6-PAK,,1.0,,7.14,7.19,A
"C_KAPUSTA WCZESNA 2 x 2,99 5,98C",KAPUSTA WCZESNA,,2.0,,2.99,5.98,C
"C_ZOŚKA WAFEL.50G 2 x 1,50 3,00C",ZOŚKA WAFEL. 50G,50.0,2.0,G,1.5,3.0,C
"C_ZOŚKA WAFEL.50G 2 x 1,50 3,00C",ZOŚKA WAFEL. 50G,50.0,2.0,G,1.5,3.0,C
"CWNAFLE/POLEWA 2500 2 x 6,29 12,58C",CWNAFLE/POLEWA 2500,,2.0,,6.29,12.58,C
"A_SAMELLE CHU.10SZT, 1 x 2,99 2,99A",SAMELLE CHU. 10SZT,,1.0,SZT,2.99,2.99,A
"CGE.STI.MIG. 120 ML 3 x 12,99 38,97C",CGE. STI. MIG. 120 ML,120.0,3.0,ML,12.99,38.97,C
"A_CHUSTECZKI 150SZT 1 x 4,09 4,09A",CHUSTECZKI 150SZT,,1.0,SZT,4.09,4.09,A
"C_BANANY LUZ O,870 x 6,99 6,08C",BANANY LUZ,,0.87,,6.99,6.08,C
"A_L%M FIR.C. 1 x 19,50 19,50A",LM FIR. C.,,1.0,,19.5,19.5,A
"nxA 7 KOSCIAC 1,392kg x24,95 34,73",nxA 7 KOSCIAC,1.392,,KG,24.95,34.73,
"'OaoiRnSV""""R lF"""" KS 100 20stA 1szt. x19,99 19,99",OaoiRnSVRlF KS 100 20 szt,,1.0,SZT,19.99,19.99,A
"CHLEB PRASKI AGATA 1000GC 1SZT x8,95 8,95C",CHLEB PRASKI AGATA 1000G,1000.0,1.0,G,8.95,8.95,C
"Makrela wędzona* t 0,273KG x31,90 8,71C",Makrela wędzona,0.273,,KG,31.9,8.71,C
"KLCPap1Szt H 1S2T x2,99 2,99A",KLC Pap 1Szt,,1.0,SZT,2.99,2.99,A
"SchabŚnieżnyKg t 0,36KG x29,90 10,76C",Schab Śnieżny Kg,0.36,,KG,29.9,10.76,C
"SalcesonJakDawniejt 0,248KG x19,90 4,94C",Salceson Jak Dawniej,0.248,,KG,19.9,4.94,C
"poledwicaSopockaKgt 0,382KG x19,90 7,60C",poledwica Sopocka Kg,0.382,,KG,19.9,7.6,C
"2,036KG x5,99 12,20C",,2.036,,KG,5.99,12.2,C
"Wkład parafino H 4SZT x9,99 39,96A",Wkład parafino,,4.0,SZT,9.99,39.96,A
"oPUS kdP zr.sŚPś. y 1ęzr x5 99 5,99A",oPUS kdP zr. sŚPś. y ęzr,,1.0,,5.99,5.99,A
"Patyczki szas1Vk0W  1z!,Y,a13'9a",Patyczki szasłVkoW,,1.0,,13.99,,
"GalbaniMozz* t 1Sś xl./9 2,96",Galbani Mozz,,1.0,SZT,2.96,2.96,
Taróg pó1tł1. A2A2 230g*t,Taróg pó tł.,,,,,,
"PPP1SZT x8,99 8,99C",PPP 1SZT,,1.0,SZT,8.99,8.99,C
"Ailpro Yog Soj 400g* i 1S x9.99 9,998",Ailpro Yog Soj 400g,400.0,1.0,G,9.99,9.99,
"AilproSkyrNatural400g* i 1S2T x9.,99 9.99",Ailpro Skyr Natural 400g,400.0,1.0,G,9.99,9.99,
KLc.JogurtProteinBrz-mar20O9t,KLc. Jogurt Protein Brz-mar20O9,,,,,,
KLc.JogurtProteinBrz mar2QQ,KLc. Jogurt Protein Brz marQQ,,,,,,
"KRITKRIJogGrecki150g* t 1S2T x3,59 3,59C",KRITKRI Jog Grecki 150g,150.0,1.0,G,3.59,3.59,C
"KRIKRIJogGrecki150g* t 1S2T x3,59 3,59C",KRIKRI Jog Grecki 150g,150.0,1.0,G,3.59,3.59,C
"KRIKRIJogGrecki150g* t 1SZT x3,59 3,59C",KRIKRI Jog Grecki 150g,150.0,1.0,G,3.59,3.59,C
"KRIJogGrecki150g* t 1SZT x3,59 3,59C",KRI Jog Grecki 150g,150.0,1.0,G,3.59,3.59,C
"SerekWysokobiał150G* t 1SZT x3,99 3,99C",Serek Wysokobiał 150G,150.0,1.0,G,3.99,3.99,C
"SerekWysokobia1150G* t 1SZT x3,99 3,99C",Serek Wysokobia 1150G,150.0,1.0,G,3.99,3.99,C
"Fantasia jogurt 102g t 6SZT x2,99 17,94C",Fantasia jogurt 102g,102.0,6.0,G,2.99,17.94,C
STD.Kefir naturalny 1kg PET t,STD. Kefir naturalny 1kg PET,1.0,,KG,0.0,,
"Puchatek600g H 1SZT x14,99 14,99A",Puchatek 600g,600.0,1.0,G,14.99,14.99,A
"Bułka poznańska 75g t 8SZT x0,72 5,76C",Bułka poznańska 75g,75.0,8.0,G,0.72,5.76,C
"ŚledźWOleju170G t 4SZT x4,49 17,96C",Śledź W Oleju 170G,170.0,4.0,G,4.49,17.96,C
"WiniaryPrzyprawaWPły i 1SZT x9,79 9,79B",Winiary Przyprawa W Pły,,1.0,SZT,9.79,9.79,B
"Bułka tarta 500g t 1SZT x4,71 4,71C",Bułka tarta 500g,500.0,1.0,G,4.71,4.71,C
"KrakusChrzan180G t 1SZT x3,49 3,49C",Krakus Chrzan 180G,180.0,1.0,G,3.49,3.49,C
"STD.Chrzan190g t 1SZT x3,49 3,49C",STD. Chrzan 190g,190.0,1.0,G,3.49,3.49,C
"KucharekBarszczCzerw t 2SZT x1,75 3,50C",Kucharek Barszcz Czerw,,2.0,SZT,1.75,3.5,C
"PrymatCebulaSuszona t 1SZT x1,59 1,59C",Prymat Cebula Suszona,,1.0,SZT,1.59,1.59,C
"PrymatCzosnekGranulo t 1SZT x1,59 1,59C",Prymat Czosnek Granulo,,1.0,SZT,1.59,1.59,C
"PrymatCynamonMielony i 1SZT x1,59 1,59B",Prymat Cynamon Mielony,,1.0,SZT,1.59,1.59,B
"KucharekRosółWołowy t 2SZT x3,99 7,98C",Kucharek Rosół Wołowy,,2.0,SZT,3.99,7.98,C
"KucharekPrzyprawaDoP i 1SZT x6,99 6,99B",Kucharek Przyprawa DoP,,1.0,SZT,6.99,6.99,B
"KamisPieprzCzarnyMie i 1SZT x2,19 2,19B",Kamis Pieprz Czarny Mie,,1.0,SZT,2.19,2.19,B
"KamisZieleAngielskie i 1SZT x2,19 2,19B",Kamis Ziele Angielskie,,1.0,SZT,2.19,2.19,B
"KamisKminek20g i 1SZT x2,19 2,19B",Kamis Kminek 20g,20.0,1.0,G,2.19,2.19,B
"KamisSłCzosGran55g t 1SZT x6,99 6,99C",Kamis Sł Czos Gran 55g,55.0,1.0,G,6.99,6.99,C
"PrincessaLonga0Orzech t 9SZT x2,29 20,61C",Princessa Longa Orzech,,9.0,SZT,2.29,20.61,C
"KitKatChunkyBaton42g t 4SZT x3,49 13,96C",KitKat Chunky Baton 42g,42.0,4.0,G,3.49,13.96,C
"K1tKatChunkyBaton40g t 4SZT x3,49 13,96C",KitKat Chunky Baton 40g,40.0,4.0,G,3.49,13.96,C
"TicTac miętowy 54g H 1SZT x6,99 6,99A",TicTac miętowy 54g,54.0,1.0,G,6.99,6.99,A
"Buł#kiHambŚezam300g t 4SZT x5,49 21,96C",Bułki Hamb Śezam 300g,300.0,4.0,G,5.49,21.96,C
"K.ChlebTost.Psz5O0g t 2SZT x2,49 4,98C",Chleb Tost. Psz 5O0g,500.0,2.0,G,2.49,4.98,C
"KrakusBoczekRol100g* t 1SZT x6,49 6,49C",Krakus Boczek Rol 100g,100.0,1.0,G,6.49,6.49,C
"KrakusBoczekRol100g* t 1SZT x6,49 6,49C",Krakus Boczek Rol 100g,100.0,1.0,G,6.49,6.49,C
"STDmielonkaTyrol270g t 1SZT x5,89 5,89C",STD mielonka Tyrol 270g,270.0,1.0,G,5.89,5.89,C
"ParówkiZSzynk1200g* t 1SZT x4,49 4,49C",Parówki Z Szynk 1200g,200.0,1.0,G,4.49,4.49,C
"STDfiletZind100g* t 1SZT x5,99 5,99C",STD filet Zind 100g,100.0,1.0,G,5.99,5.99,C
"STDfiletzind100g* t 1SZT x5,99 5,99C",STD filetzind 100g,100.0,1.0,G,5.99,5.99,C
"STDfiletZind100g* t 1SZT x5,99 5,99C",STDf ilet Zind 100g,100.0,1.0,G,5.99,5.99,C
"R_SÓL KUCHENNA 1 K0 4 x 1,79 7,16A",SÓL KUCHENNA 1 KG,1.0,4.0,KG,1.79,7.16,A
"C_BUŁKA TARTA 500G 6 x 4,19 25,14C",BUŁKA TARTA 500G,500.0,6.0,G,4.19,25.14,C
"A_AROMATY 9 ML 1 x 1,29 1,29A",AROMATY 9 ML,9.0,1.0,ML,1.29,1.29,A
"A_WODA NIEGAZO.6-PAK 2 x 5,94 11,88A",WODA NIEGAZO. 6-PAK,,2.0,,5.94,11.88,A
"A_WODA GAZOWAN.6-PAK 1 x 5,94 5,94A",WODA GAZOWAN. 6-PAK,,1.0,,5.94,5.94,A
"C_WIÓRKI KOKOS. 200G 1 x 5,99 5,99C",WIÓRKI KOKOS. 200G,200.0,1.0,G,5.99,5.99,C
"B_CUKIE. WANILIN.48G 1 x 1,69 1,69B",CUKIE. WANILIN. 48G,48.0,1.0,G,1.69,1.69,B
"C_BUDYN 40G 3 x 1,19 3,57C",BUDYN 40G,40.0,3.0,G,1.19,3.57,C
"C_SuR6WKA/C.KA.300 G 1 x 1,99 1,99C",SuRWKA C. KA. 300 G,300.0,1.0,G,1.99,1.99,C
"A_JAN N.F. 10 M 1 x 5,99 5,99A",JAN N. F. 10 M,,1.0,,5.99,5.99,A
"C_HERBATN. TEA 4O0G 1 x 4,95 4,95C",HERBATN. TEA 4O0G,400.0,1.0,G,4.95,4.95,C
"C_PIZZA 1 K0 2 x 11,49 22,98C",PIZZA 1 KG,1.0,11.49,KG,11.49,22.98,C
"C_JAJA 20M 2 x 10,91 21,82C",JAJA 20M,,2.0,,10.91,21.82,C
"C_KUKURYDZA HB 285 G 1 x 9,19 9,19C",KUKURYDZA HB 285 G,285.0,1.0,G,9.19,9.19,C
"A_ŚWIATEŁKO 96H 1SZT 3 x 9,95 14,85A",ŚWIATEŁKO 96H 1SZT,,3.0,SZT,9.95,14.85,A
"C_ZUREK ŚLĄSKI 46 0 3 x 1,99 5,97C",ZUREK ŚLĄSKI 46 0,,3.0,,1.99,5.97,C
"A_L8M FIR.RED 1 x 20,50 20,50A",LM FIR. RED,,1.0,,20.5,20.5,A
"MiesoMielSzynWp400G*t 1SzT x13,59 13,59C",Mieso Miel Szyn Wp 400G,400.0,1.0,G,13.59,13.59,C
"K-SMPorcjaRosKurcz*t 0,659KG x6,99 4,61C",Porcja Ros Kurcz,0.659,,KG,6.99,4.61,C
"K-SMSercaZKurcz400g* t 1SZT x4,88 4,88C",Serca Z Kurcz 400g,400.0,1.0,G,4.88,4.88,C
"k-SMSercazZkurcz400g* t 1SZT x4,88 4,88C",Sercaz Z kurcz 400g,400.0,1.0,G,4.88,4.88,C
"KSMSercaZKurcz40Og* t 1S2T x4,88 4,88C",Serca Z Kurcz 40Og,400.0,1.0,G,4.88,4.88,C
"K-SMSercaZKurcz400g* t 1SZT x4,88 4,88C",Serca Z Kurcz 400g,400.0,1.0,G,4.88,4.88,C
"K-SMSercaZKurcz400g* t 1SZT x4,88 4,88C",Serca Z Kurcz 400g,400.0,1.0,G,4.88,4.88,C
"MlekoŁaciate3,2%1l t 12SZT x4,19 50,28C","Mleko Łaciate 3,2% 1l",1.0,12.0,L,4.19,50.28,C
"MlekpolKefir1l t 1SZT x5,99 5,99C",Mlekpol Kefir 1l,1.0,1.0,L,5.99,5.99,C
"K.SerTopiony100g t 1SZT x2,19 2,19C",Ser Topiony 100g,100.0,1.0,G,2.19,2.19,C
"Kajzerka pszenna 55g t 2SZT x0,35 0,70C",Kajzerka pszenna 55g,55.0,2.0,G,0.35,0.7,C
"BułkiHambSezam300g t 2SZT x6,65 13,30C",Bułki Hamb Sezam 300g,300.0,2.0,G,6.65,13.3,C
"BułkiHotDog250g t 2SZT x5,19 J,38C",Bułki Hot Dog 250g,250.0,2.0,G,5.19,10.38,C
"Serdelkizciele300g* t 1SZT x10,99 10,99C",Serdelkizciele 300g,300.0,1.0,G,10.99,10.99,C
"Serdelkizciele300g* t 1SZT x10,99 10,99C",Serdelkizciele 300g,300.0,1.0,G,10.99,10.99,C
"Serdelkizciele300g* t 1SZT x10,99 10,99C",Serdelkizciele 300g,300.0,1.0,G,10.99,10.99,C
"STDSzynkKonsKurc100g* t 1SZT x3,99 3,99C",Szynk Kons Kurc 100g,100.0,1.0,G,3.99,3.99,C
"STDSzynkKonsKurc100g* t 1SZT x3,99 3,99C",Szynk Kons Kurc 100g,100.0,1.0,G,3.99,3.99,C
"STDkiełbasaParów500g* t 1SZT x8,95 8,95C",kiełbasa Parów 500g,500.0,1.0,G,8.95,8.95,C
"STDkiełbasa a. J3w50Cg t 1 x8, 8,95C",kiełbasa 500g,50.0,1.0,G,8.95,8.95,C
"STDkiełbasaParów500g* t 1SZ8,95 8,95C",kiełbasa Parów 500g,500.0,1.0,G,8.95,8.95,C
"STDkiełbasaParów500g* t 1S2T,95 8,95C",kiełbasa Parów 500g,500.0,1.0,G,8.95,8.95,C
"MielonkaTyrolska270g t 1S  5,89 5,89C",Mielonka Tyrolska 270g,270.0,1.0,G,5.89,5.89,C
"SuKiwnka A 1 szt*5O.00 50,0A",SuKiwnka,,1.0,SZT,50.0,50.0,A
"lptaszcZe, skÓry nieoci A 1 sz1*19,99 19,99","lptaszcze, skóry nieoci",,1.0,SZT,19.99,19.99,
"  opecjala A 1 6Zl*7,99 7,984",opecjala,,1.0,,7.99,7.98,
"ptaGzczZe, %KÓry ciepl A 1 zt*24,99 24,99","ptagzczze, KÓry ciepl",,1.0,SZT,24.99,24.99,
"riopLane A 1 9Zl*14,99 14,99A",riop Lane,,1.0,,14.99,14.99,A
KZYCZAJNA. W C 0.985 -#38.10,KZYCZAJNA. W,,0.985,,38.1,,C
"PASZTETOWA M C 0.125 -*35.,80 4,48C",PASZTETOWA M,,0.125,,35.8,4.48,C
"CHLEB C 1 -*12.00 12,00C",CHLEB,,1.0,,12.0,12.0,C
"CUKIERKI LUZ A 1 -*3,37 3,37A",CUKIERKI LUZ,,1.0,,3.37,3.37,A
"BANAN C 1 -*4.18 4,18C",BANAN,,1.0,,4.18,4.18,C
MLEKO UHT 3.Z% 1 L 1 X 69 1A'ą0,MLEKO UHT 3.2% 1 L,1.0,1.0,L,1.69,,
"ąBRYKIE BBQ 2,5 KC 2 x 9,99 19,98A","BRYKIE BBQ 2,5 KG",2.5,2.0,KG,9.99,19.98,A
"RWODR'NEGA/O.6-PAMK 2 x 5,94 1,88A",RWODR NEGAO. 6-PAMK,,2.0,,5.94,11.88,A
"AWODA RA/OWAN.6-PpK 1 x 7,14 7,1A",AWODA RAOWAN. 6-PpK,,1.0,,7.14,7.14,A
"R8UB9o9F#'Osn2   3,19,19C",,,,,3.19,3.19,C
"CSUR POREM 452o 0 1 * 3'19 3,",CSUR POREM 452o 0,,1.0,,3.19,3.19,
"CSURZPKM,A2op6 3  3'n9 '18r","CSURZPKM,A2op6",,3.0,,,,
"CCHLEBOST0WY 500G j,X,3,Y9ą ,8",CCHLEBOST0WY 500G,500.0,,G,,,
CKAJZERKA 50 G 100-9\,CKAJZERKA 50 G,50.0,,G,,,
"CHLEB C 2 -*11.50 23,00C",CHLEB,,2.0,,11.5,23.0,C
"CHLEB C 1 -*12.00 12,00C",CHLEB,,1.0,,12.0,12.0,C
"KOŁACZYK,PACZEK C 1 -*3,90 3,9OC","KOŁACZYK, PACZEK",,1.0,,3.9,3.9,C
"KOŁACZYK,P4CZEK C 1 -*4.00 4,O0C","KOŁACZYK, PACZEK",,1.0,,4.0,4.0,C
"CEBULA C 1 -#2.01 2,01C",CEBULA,,1.0,,2.01,2.01,C
"CEBULA C1 -*1.59 1,59C",CEBULA,,1.0,,1.59,1.59,C
"SAŁATA 7TELONA C 1 -5.00 5,00C",SAŁATA 7TELONA,,1.0,,5.0,5.0,C
"YanoHamburger2OOg t 2SZT x2,63 5,26C",Yano Hamburger 2OOg,200.0,2.0,G,2.63,5.26,C
"1,974KG x24,99 49,33C",,1.974,,KG,24.99,49.33,C
"K-SMWątrobaZKur400g* t 1SZT x4,88  3C",Wątroba Z Kur 400g,400.0,1.0,G,4.88,4.88,C
"K-SMWątrobaZKur400g* t 1SZT x4,8 ,88C",K-Wątroba Z Kur 400g,400.0,1.0,G,4.88,4.88,C
"K-SMPorcjaRosKurcz*t 0,595KG x6,99 4,16C",Porcja Ros Kurcz,0.595,,KG,6.99,4.16,C
"K-SMSercaZKurcz400g* t 1SZT x4,88 4,88C",Serca Z Kurcz 400g,400.0,1.0,G,4.88,4.88,C
"K-SMSercaZKurcz400g* t 1SZT x4,88 4,88C",Serca Z Kurcz 400g,400.0,1.0,G,4.88,4.88,C
"K-SMSercaZKurcz400g* t 1SZT x4,88 4,88C",Serca Z Kurcz 400g,400.0,1.0,G,4.88,4.88,C
"K-SMSercaZKurcz400g* t 1SZT x4,88 4,88C",Serca Z Kurcz 400g,400.0,1.0,G,4.88,4.88,C
"K-SMŻo1ądkiZKur400g* t 1S7T x4,88 4,88C",Żołądki Z Kur 400g,400.0,1.0,G,4.88,4.88,C
"STD.PierogiTrusk1kg t 1SZT x8,99 8,99C",Pierogi Trusk 1kg,1.0,1.0,KG,8.99,8.99,C
"SierpcSerekCapri220g* t 1SZT x5,99 5,99C",Sierpc Serek Capri 220g,220.0,1.0,G,5.99,5.99,C
"SierpcSerekCapri220g* t 1SZT x5,99 5,99C",Sierpc Serek Capri 220g,220.0,1.0,G,5.99,5.99,C
"Jogurtw. niliowy350g t 3SZT x2,99 8,97C",Jogurtw. niliowy 350g,350.0,3.0,G,2.99,8.97,C
"SBASerekwiejski200g* t 1SZT x3,89 3,89C",Serekwiejski 200g,200.0,1.0,G,3.89,3.89,C
"JogurtTrusk350g t 3SZT x2,99 8,97C",Jogurt Trusk 350g,350.0,3.0,G,2.99,8.97,C
"SBASerekWiejski200g* t 1SZT x3,89 3,89C",Serek Wiejski 200g,200.0,1.0,G,3.89,3.89,C
"SBASerekWiejski200g* t 1SZT x3,89 3,89C",Serek Wiejski 200g,200.0,1.0,G,3.89,3.89,C
"SBASerekWiejski200g* t 1SZT x3,89 3,89C",Serek Wiejski 200g,200.0,1.0,G,3.89,3.89,C
"SBASerekWiejski200g t 1SZT x3,89 3,89C",Serek Wiejski 200g,200.0,1.0,G,3.89,3.89,C
"Puchatek600g H 1SZT x16,99 16,99A",Puchatek 600g,600.0,1.0,G,16.99,16.99,A
"Bułka grahamka 7Og t 8SZT x0,79 6,32C",Bułka grahamka 7Og,70.0,8.0,G,0.79,6.32,C
"KrólowaMąkTortowych t 10SZT x3,59 35,90C",Królowa Mąk Tortowych,,10.0,SZT,3.59,35.9,C
"PrymatMieszDoOgórkówi 14SZT x3,49 48,86B",Prymat Miesz Do Ogórkówi,,14.0,SZT,3.49,48.86,B
"MambaGuma106g H 1SZT x3,59 3,59A",Mamba Guma 106g,106.0,1.0,G,3.59,3.59,A
"FamilijjneWafle180g t 1SZT x3,49 3,49C",Familijjne Wafle 180g,180.0,1.0,G,3.49,3.49,C
"WafleŚmiet180g t 1SZT x3,49 3,49C",Wafle Śmiet 180g,180.0,1.0,G,3.49,3.49,C
"BułkiHambSezam300g 2SZT x6,65 13,30C",Bułki Hamb Sezam 300g,300.0,2.0,G,6.65,13.3,C
"K.ChlebTost.Psz500g t 1SZT x2,99 2,99C",Chleb Tost. Psz 500g,500.0,1.0,G,2.99,2.99,C
"A_L&M FIR.RED 1 x 20,50 20,50A",L&M FIR. RED,,1.0,,20.5,20.5,A
CALEB PRĄSKI AGATA 1O00DC,CALEB PRĄSKI AGATA 1O00D,,,,,,
 LEWIATAN DŻEM TRUS/0KR 27OC,LEWIATAN DŻEM TRUS/0KR 27O,,,,,,
"0CZ REKC 0,H85 g  26,99 = 13,09 ","0CZ REKC 0,85kg",0.485,,G,26.99,13.09,
" C_OLEJ WIELKOP.1L 2 x 10,99 21,98C",OLEJ WIELKOP. 1L,1.0,2.0,L,10.99,21.98,C
" C_CHLEB TOSTOWY 5006  x 3,09 3,09C",CHLEB TOSTOWY,,,,3.09,3.09,C
" CJAJA SPOŻ.10M x 10,99 43,96C",CJAJA SPOŻ. 10M,,,,10.99,43.96,C
"AL_DAVIDOFF E. R.10O 20,99 20,99A",AL_DAVID OFF E. R. 10O,,,,20.99,20.99,A
"YanoHammburger2OOg t 3S2T x2,63 7,89C",Yano Hammburger 2OOg,200.0,3.0,G,2.63,7.89,C
"STD pierogi szpinak* t 1S2T x5,10 5,10C",pierogi szpinak,,1.0,SZT,5.1,5.1,C
"STD pierogi szpinak* t 1S2T x5,10 5,10C",pierogi szpinak,,1.0,SZT,5.1,5.1,C
"KLCŚledzneOpiekane t 1SZT x8,99 8,99C",Śledzne Opiekane,,1.0,SZT,8.99,8.99,C
"STD pierogi szpinak* t 1SZT x5,10 5,10C",pierogi szpinak,,1.0,SZT,5.1,5.1,C
"STD pierogi szpinuk* t 1SZT x5,0 5,10C",pierogi szpinuk,,1.0,SZT,5.1,5.1,C
SokołówSchabSołtysaLuz t,Sokołów Schab Sołtysa Luz,,,,,0.0,
"SerZ+otyMazurKG t 0,524KG x24,90 13,05C",Ser Zoty Mazur KG,0.524,,KG,24.9,13.05,C
"SierpcSerkról t 0,468KG x29,90 13,99C",Sierpc Ser król,0.468,,KG,29.9,13.99,C
"ŁopatkawpBezKościt 3,505KG x18,99 66,56C",Łopatkawp Bez Kości,3.505,,KG,18.99,66.56,C
"FiletyŚledźMatjas t 0,76KG x15,90 12,08C",Filety Śledź Matjas,0.76,,KG,15.9,12.08,C
"Śmiet.Łaciata18%330g t 2SZT x4, 9,98C",Śmiet. Łaciata 18% 330g,330.0,2.0,G,4.99,9.98,C
"ŚmietankaŁowicka36% t 2SZT x10,99 21,98C",Śmietanka Łowicka 36%,,2.0,SZT,10.99,21.98,C
"SerekHomog.150g t 10SZT x3,15 31,50C",Serek Homog. 150g,150.0,10.0,G,3.15,31.5,C
"MlekpolKefir1l t 2SZT x5,99 11,98C",Mlekpol Kefir 1l,1.0,2.0,L,5.99,11.98,C
"SłynneMR Roślinne500 t 6SZT x4,79 28,74C",Słynne MR Roślinne 500,,6.0,SZT,4.79,28.74,C
"Pieczarki 500g t 2SZT x4,99 9,98C",Pieczarki 500g,500.0,2.0,G,4.99,9.98,C
"Bułka poznańska 75g t 8SZT x0,72 5,76C",Bułka poznańska 75g,75.0,8.0,G,0.72,5.76,C
"KucharekŻurek46 t 3SZT x1,99 5,97C",Kucharek Żurek 46,,3.0,SZT,1.99,5.97,C
"KnorrFixSpaghettiBol i 6SZT x4,49 26,94B",Knorr Fix Spaghetti Bol,,6.0,SZT,4.49,26.94,B
"Nutella60Og H 1SZT x19,99 19,99A",Nutella 60Og,600.0,1.0,G,19.99,19.99,A
"HeinzKetchup1000G i 5SZT x11,99 59,95B",Heinz Ketchup 1000G,1000.0,,G,11.99,59.95,B
"HeinzKetchup1KG i 1SZT x11,99 11,99B",Heinz Ketchup 1KG,1.0,,KG,11.99,11.99,B
"MajonezDekorac700ML i 5SZT x10,99 54,95B",Majonez Dekorac 700ML,700.0,5.0,ML,10.99,54.95,B
"WlkpOlejRzep2L t 2SZT x10,99 21,98C",Wlkp Olej Rzep 2L,2.0,2.0,L,10.99,21.98,C
"BasiaMąkaTortowaExtr t 4SZT4,39 17,56C",Basia Mąka Tortowa Extr,,4.0,SZT,4.39,17.56,C
"MambaTropicsGuRo106g H 1SZT x3,59 ,59A",Mamba Tropics GuRo 106g,106.0,1.0,G,3.59,3.59,A
"Nimm2Śmiejżelki180g H 1SZT x6,19 6,19A",Nimm2 Śmiejżelki 180g,180.0,1.0,G,6.19,6.19,A
"WafleŚmiet180g t 1SZT x4,49 4,49C",Wafle Śmiet 180g,180.0,1.0,G,4.49,4.49,C
"ArgoLizakiVitaM150g H 1SZT x5,49 5,49A",Argo Lizaki Vitam 150g,150.0,1.0,G,5.49,5.49,A
"K.ChlebTost.Psz500g t 1SZT x2,99 2,99C",Chleb Tost. Psz 500g,500.0,1.0,G,2.99,2.99,C
"7DaysMax Kakao 110g t 2SZT x3,99 7,98C",7Days Max Kakao 110g,110.0,2.0,G,3.99,7.98,C
"BułkiHambSezam300g t 3SZT x,65 19,95C",Bułki Hamb Sezam 300g,300.0,3.0,G,6.65,19.95,C
"MielonkaTyrolska270g t 1SZT x5,89 5,89C",Mielonka Tyrolska 270g,270.0,1.0,G,5.89,5.89,C
"STD FiletŻkurczaka* t 1SzT x5,99 5,99C",STD Filet Z kurczaka,,1.0,SZT,5.99,5.99,C
"STD FiletZkurczaka* t 1SZT x5,99 5,99C",STD Filet Z kurczaka,,1.0,SZT,5.99,5.99,C
" A_ŁOMA PILS 0,5 L 3 x 3,19 9,57A","ŁOMA PILS 0,5 L",0.5,3.0,L,3.19,9.57,A
"A_WODA NIEGAZO.6-PAK 2 x 5,94 11,889",WODA NIEGAZO. 6-PAK,,2.0,,5.94,11.88,
"C_CHLEBTOSTOWY 500G 1 x 3,09 3,09C",CHLEBTOSTOWY 500G,500.0,1.0,G,3.09,3.09,C
"C_SMIETANA 30% 200G 1 x 3,39 3,39C",SMIETANA 30% 200G,200.0,1.0,G,3.39,3.39,C
"A_TARCZE 3 SZTUKI 1 x 13,30 13,309",TARCZE 3 SZTUKI,,1.0,,13.3,13.3,
"C_S.5OUDA 1 K6 1 x 26,99 26,99C",S. 5OUDA 1 KG,1.0,1.0,KG,26.99,26.99,C
"C_SPODY PIZZA 280 G 1 x 6,29 6,29C",SPODY PIZZA 280 G,280.0,1.0,G,6.29,6.29,C
"FASOLA JAS 500G C 6 x5,59 33,54C",FASOLA JAS 500G,500.0,6.0,G,5.59,33.54,C
"MARGARYNA PAMA 30 C33 ęq 11,07r",MARGARYNA PAMA 30,,,,,11.07,C
"SMItIANA18% 00G C 2 x1,93 3,86C",SMItIANA 18% 100G,,2.0,G,1.93,3.86,C
KONCENTRAT POM 31C71q 1 3r,KONCENTRAT POM,,,,,,C
"EoRCnątR1 09 X5,49 5,49l",EoRCnątR1,,,,5.49,5.49,
"BALtRUN C0,062 x31,99 1,98C",BALtRUN,,0.062,,31.99,1.98,C
MIELONKA TYROLSKA C0 310 x31 99 6 r,MIELONKA TYROLSKA,,,,31.99,,
"AL_KAWA MOCCA 1 KG 2 x 55,99 11,98A",AL_KAWA MOCCA 1 KG,1.0,2.0,KG,55.99,111.98,A
"C_SURÓWKA/C.KA.300 G 1 x 1,88 ,88C",SURÓWKA C. KA. 300 G,300.0,1.0,G,1.88,1.88,C
"CLE8 BALTONOWSKI SOBALA 850GC 3SZT x9,50 28,50C",CLEB BALTONOWSKI SOBALA 850G,850.0,3.0,G,9.5,28.5,C
"KAPUSTA CZERWONA LUZC 2,435kg x2,95 7,18C",KAPUSTA CZERWONA LUZ,2.435,,KG,2.95,7.18,C
"KAPOUSTA CZERWONA LUZC 2,76kg x2,95 8,14C",KAPOUSTA CZERWONA LUZ,2.76,,KG,2.95,8.14,C
"KOŁACZYK - DLA CIEBIEC 4szt. x1,60 6,40C",KOŁACZYK - DLA CIEBIE,,4.0,SZT,1.6,6.4,C
"1lety SledżWiejskiet 1S2T x16,99 16,99C",ilety Sledż Wiejskie,,1.0,SZT,16.99,16.99,C
"STDKluskiDrożdzowe* t 1S2T x4,49 4,49C",Kluski Drożdzowe,,1.0,SZT,4.49,4.49,C
"SerMorskiKG t 0,664KG x29,90 19,85C",Ser Morski KG,0.664,,KG,29.9,19.85,C
"K.Pizza 1kg t 1SZT x11,49 11,49C",Pizza 1kg,,1.0,SZT,11.49,11.49,C
"ŁowickieUHT 3,2%t.1Lt 12SZT x3,99 47,88C","Łowickie UHT 3,2% t. 1L",1.0,12.0,L,3.99,47.88,C
"ActiviaDoPicia270g* t 1SZT x4,69 4,69C",Activia Do Picia 270g,270.0,1.0,G,4.69,4.69,C
"ActiviaDoPicia270g* t 1SZT x4,69 4,69C",Activia Do Picia 270g,270.0,1.0,G,4.69,4.69,C
"K.SerTopionyKrąż140g t 1SZT x4,79 4,79C",Ser Topiony Krąż 140g,140.0,1.0,G,4.79,4.79,C
"K.SerTopionyMix2 t 1SZT x4,79 4,79C",Ser Topiony Mix,,1.0,SZT,4.79,4.79,C
"FantasiaJogurt100g t 4SZT x2,99 11,96C",Fantasia Jogurt 100g,100.0,4.0,G,2.99,11.96,C
"JogurtBrzoskMara350g* t 1SZT x2,99 2,99C",Jogurt Brzosk Mara 350g,350.0,1.0,G,2.99,2.99,C
"JogurtBrzoskMara350g* t 1ST x2,99 2,99C",Jogurt Brzosk Mara 350g,350.0,1.0,G,2.99,2.99,C
"Śmietana18%tł.400g t 2SZT x3,99 7,98C",Śmietana 18% tł. 400g,400.0,2.0,G,3.99,7.98,C
"SerekHomo.Ciaste150g t 2SZT x3,15 6,30C",Serek Homo. Ciaste 150g,150.0,2.0,G,3.15,6.3,C
"JogurtMilkoMore330ml* t 1SZT x3,99 3,99C",Jogurt Milko More 330ml,330.0,1.0,ML,3.99,3.99,C
"JogurtMilkoŻura330ml* t 1SZT x3,99 3,99C",Jogurt Milko Żura 330ml,330.0,1.0,ML,3.99,3.99,C
"MajonezDekorac700ML 1i 2SZT x9,99 19,98B",Majonez Dekorac 700ML,700.0,2.0,ML,9.99,19.98,B
"DegaPaprykarz250g t 1SZT x3,89 3,89C",Dega Paprykarz 250g,250.0,1.0,G,3.89,3.89,C
"Nimm2Żelk1180g H 1SzT x6,99 6,99A",Nimm2 Żelk 1180g,1180.0,1.0,G,6.99,6.99,A
"WafleŚmiet180g t 1SZT x4,49 4,49C",Wafle Śmiet 180g,180.0,1.0,G,4.49,4.49,C
"WawelCzekoJagod100g H 2SZT x4,99 9,98A",Wawel Czeko Jagod 100g,2.0,2.0,G,4.99,9.98,A
"ŁopatkaWpBezKościt 1,962KG x18,99 37,26C",Łopatka Wp Bez Kości,1.962,,KG,18.99,37.26,C
"0,634KG x24,91 15,79C",,0.634,,KG,24.91,15.79,C
"SchabŚnieżnyKg t 0,576KG x26,94 15,52C",Schab Śnieżny Kg,0.576,,KG,26.94,15.52,C
"0,502KG x26,90 13,50C",,0.502,,KG,26.9,13.5,C
"WątrobaZKurczakaLuzt 1,508KG x5,99 9,03C",Wątroba Z Kurczaka Luz,1.508,,KG,5.99,9.03,C
"0,662KG x16,99 11,25C",,0.662,,KG,16.99,11.25,C
"GaTbaniMozzarell125g t 2SZT x5,49 10,98C",Gatbani Mozzarell 125g,125.0,2.0,G,5.49,10.98,C
"Śmietana18%400g t 4SZT x3,49 13,96C",Śmietana 18% 400g,400.0,4.0,G,3.49,13.96,C
"ŚmietankaŁowicka36% t 2SZT x10,99 21,98C",Śmietanka Łowicka 36%,,2.0,SZT,10.99,21.98,C
"ŁaciatyProteinNatura* t 1SZT x4,99 4,99C",Łaciaty Protein Natura,,1.0,SZT,4.99,4.99,C
"ŁaciatyProteinNatura* t 1SZT x4,99 4,99C",Łaciaty Protein Natura,,1.0,SZT,4.99,4.99,C
"ŁaciatyProteinNatura* t 1SZT x4,99 4,99C",Łaciaty Protein Natura,,1.0,SZT,4.99,4.99,C
"ŁaciatyProteinNatura* t 1SZT x4,99 4,99C",Łaciaty Protein Natura,,1.0,SZT,4.99,4.99,C
"Krasnystaw Kefir400g* t 1SZT x3,39 3,39C",Krasnystaw Kefir 400g,400.0,1.0,G,3.39,3.39,C
"ValioSerekJagoda175g* t 1SZT x5,59 5,59C",Valio Serek Jagoda 175g,175.0,1.0,G,5.59,5.59,C
"ValioSerekCytryn175g* t 1SZT x5,59 5,59C",Valio Serek Cytryn 175g,175.0,1.0,G,5.59,5.59,C
"STD.TwarógWędz275g t 2SZT x4,49 8,98C",STD. Twaróg Wędz 275g,275.0,2.0,G,4.49,8.98,C
"DanioSerekTrusk 130g t 2SZT x1,79 3,58C",Danio Serek Trusk 130g,130.0,2.0,G,1.79,3.58,C
"DanioSerekCze0Orz130g t 6SZT x1,79 10,74C",Danio Serek Cze Orz 130g,130.0,6.0,G,1.79,10.74,C
"ZielnikPolskiMeli40g t 1SZT x3,99 3,99C",Zielnik Polski Meli 40g,40.0,1.0,G,3.99,3.99,C
"ZielnikPolPokrz30g t 1SZT x3,99 3,99C",Zielnik Pol Pokrz 30g,30.0,1.0,G,3.99,3.99,C
"RodzinnaOwoceLeś200g i 1SZT x6,99 6,99B",Rodzinna Owoce Leś 200g,200.0,1.0,G,6.99,6.99,B
"ZielnikPolskiRumi30g t 1SZT x3,99 3,99C",Zielnik Polski Rumi 30g,30.0,1.0,G,3.99,3.99,C
"Pieczarki 500g t 1SZT x7,99 7,99C",Pieczarki 500g,500.0,1.0,G,7.99,7.99,C
"Cebula żółta kg t 1,714KG x2,49 4,27C",Cebula żółta kg,1.714,,KG,2.49,4.27,C
"OlejWielkopolski1l t 3SZT x8,49 25,47C",Olej Wielkopolski 1l,,3.0,L,8.49,25.47,C
"KlopsyWSosie700G t 2SZT x5,99 11,98C",Klopsy W Sosie 700G,700.0,2.0,G,5.99,11.98,C
"Soshamburgerowy410G i 1SZT x6,99 6,99B",Soshamburgerowy 410G,410.0,1.0,G,6.99,6.99,B
"KLC.TortillaPsze370g t 2SZT x4,82 9,64C",Tortilla Psze 370g,370.0,2.0,G,4.82,9.64,C
"SosBarbecue220ML i 2SZT x4,99 9,98B",Sos Barbecue 220ML,220.0,2.0,ML,4.99,9.98,B
"GołąbkiWSosie700G t 1SZT x5,99 5,99C",Gołąbki W Sosie 700G,700.0,1.0,G,5.99,5.99,C
"KamiscynamonMielony i 2SZT x2,19 4,38B",Kamiscynamon Mielony,,2.0,SZT,2.19,4.38,B
"0dkSamOK-V1 H 1S2T x45,00 45,00A",,,1.0,SZT,45.0,45.0,A
"YanoHamburger2OOg t 2SZT x2,63 5,26C",Yano Hamburger 2OOg,200.0,2.0,G,2.63,5.26,C
"SchabMazurski t 0,45KG x34,90 15,71C",Schab Mazurski,0.45,,KG,34.9,15.71,C
"Ryki Gouda KG t 0,292KG x21,90 6,39C",Ryki Gouda KG,0.292,,KG,21.9,6.39,C
"Ryki Gouda KG t 0,366KG x21,90 8,02C",Ryki Gouda KG,0.366,,KG,21.9,8.02,C
"0,288KG x14,95 4,31C",,0.288,,KG,14.95,4.31,C
"0,236K9 x51,90 12,25C",,0.236,,KG,51.9,12.25,C
"FiletKaczWMarPaprSV*t 1SZT x18,99 18,99C",Filet Kacz W Mar Papr SV,,1.0,SZT,18.99,18.99,C
"K-SMSchabBezKościVact 0,85KG x6,99 5,94C",Schab Bez Kości Vac,0.85,,KG,6.99,5.94,C
"KapitańskiePaluszRybt 2SZT x18,99 37,98C",Kapitańskie Palusz Ryb,,2.0,SZT,18.99,37.98,C
"K.Pizza 1kg t 2SZT x11,49 22,98C",Pizza 1kg,1.0,2.0,KG,11.49,22.98,C
"ŚmietankaŁow1cka36% t 2SZT x10,99 21.98C",Śmietanka Łowicka 36%,,2.0,SZT,10.99,21.98,C
"SłynneMRRolinne75Og t 1SZT x9,99 9.99C",Słynne MRRolinne 75Og,750.0,1.0,G,9.99,9.99,C
"MlekpolKef1r1l t 1SZT x5,99 5,99C",Mlekpol Kefiril,,1.0,SZT,5.99,5.99,C
"Bułka poznańska 75g t 8SZT x0,72 5,76C",Bułka poznańska 75g,75.0,8.0,G,0.72,5.76,C
"MajonezDekorac7OOML 1 3SZT x9,99 29.,97B",Majonez Dekorac 7OOML,700.0,3.0,ML,9.99,29.97,B
"DawtonaKoncentrat80a t 1SZT x2,69 2,69C",Dawtona Koncentrat 80,,1.0,SZT,2.69,2.69,C
"KoncePom1do190G t 1SZT x4,99 4,99C",Konce Pomido 190G,190.0,1.0,G,4.99,4.99,C
"BułkiHotDog250g t 2SZT x5,41 10,82C",Bułki Hot Dog 250g,250.0,2.0,G,5.41,10.82,C
"DCMaxi1Burger4x75g t 1SZT x5,99 5,99C",Maxi Burger 4x 75g,75.0,1.0,G,5.99,5.99,C
"23/OskrobaBurger30Og t 1SZT x4,99 4,99C",Oskroba Burger 30Og,300.0,1.0,G,4.99,4.99,C
"K.ChlebTost.Mael5O0Og t 1SZT x3,99 3,99C",Chleb Tost. Mael 5O0Og,5000.0,1.0,G,3.99,3.99,C
Supleeny diey 4 1-=21.5O 21.50A,Supleeny diey,,1.0,,21.5,21.5,A
"OPUsr  k 2,884KG x23,49 67,75",OPUSR,2.884,,KG,23.49,67.75,
"anD.PVzVMięs1kg t 2szT x11,09 22,18C",PVZV Mięs 1kg,1.0,2.0,KG,11.09,22.18,C
"JaJaSciółkoweL1O t 2SZT x8,99 17,98C",Jaja Sciółkowe L1O,,2.0,SZT,8.99,17.98,C
"ŁaciataŚmietUHT36% t 1SZT x17,99 17,99C",Łaciata Śmiet UHT 36%,,1.0,SZT,17.99,17.99,C
"K.Smietana18%tł 40o0g t 1SZT x3,85 3,85C",Smietana 18% tł 400g,400.0,1.0,G,3.85,3.85,C
"Jaja ściółkowe M10* t 1SZT x10,99 10,99C",Jaja ściółkowe M10,,1.0,SZT,10.99,10.99,C
"Jaja ściółkowe M10* t 1SZT x10,99 10,99C",Jaja ściółkowe M10,,1.0,SZT,10.99,10.99,C
"Jaja ściółkowe M10* t 1SZT x10,99 10,99C",Jaja ściółkowe M10,,1.0,SZT,10.99,10.99,C
"SerekHomo.Ciaste150g t 2SZT x3,15 6,30C",Serek Homo. Ciaste 150g,150.0,2.0,G,3.15,6.3,C
"MlekpolKefir1l t 1SZT x5,99 5,99C",Mlekpol Kefir 1l,1.0,1.0,L,5.99,5.99,C
"sałata lodowa szt t 4SZT x4,99 19,96C",sałata lodowa szt,,4.0,SZT,4.99,19.96,C
"K.Mandarynki312g t 2SZT x6,49 12,98C",Mandarynki 312g,312.0,2.0,G,6.49,12.98,C
"MajonezDekorac400ML i 2SZT x5,99 11,98B",Majonez Dekorac 400ML,400.0,2.0,ML,5.99,11.98,B
"yifonZupaKurczakZłot t 6SZT x2,09 12,54C",yifon Zupa Kurczak Złot,,6.0,SZT,2.09,12.54,C
"HAinzKetchup1O00G i 6SZT x15,99 95,94B",HAinz Ketchup 1O00G,1000.0,6.0,G,15.99,95.94,B
"DegaPaprykarzź5U9 t,' ,8P,1,89k",Dega Paprykarzź,,,,1.89,1.89,
"Nimm2Śmiejżelki100g H 3S2T x3,99 1.,9,A",Nimm2 Śmiejżelki 100g,100.0,3.0,G,3.99,11.97,A
"hsrrnniesGuRo106a H 1SZT x3,59 3,59A",hsrrnnies GuRo 106,,1.0,SZT,3.59,3.59,A
"mbrkPrtC95O + 1r 3,99 2,99C",mbrkPrtC 95O,,,,3.99,2.99,C
K.Ch!eb0st:PSzooO9 t 1zr ź'9 ź'a,Chebst PSzoo,,,SZT,,,
"K.ChlebTost4zia500g* t 1Sz x4,69 4,69t",Chleb Tost zia 500g,500.0,1.0,G,4.69,4.69,
"MielonkaTyrolska270g t 1SZT x5,89 5,89C",Mielonka Tyrolska 270g,270.0,1.0,G,5.89,5.89,C
"OPUSTY.ŁACSNIF182,5","OPUSTY. ŁACSNIF 182,5",,,,182.5,182.5,
"CHLEBAKI PułuKA A00GC 1SŁT x,0 4,50C",CHLEBAKI PułuKA A100G,,1.0,G,4.5,4.5,C
"CHLEB RASKI AGATA 10 1SZT x8,95 8,95C",CHLEB RASKI AGATA 10,,1.0,SZT,8.95,8.95,C
"tof*ifee bomb. 125gA 1szt, x6,99 6,99A",tofifee bomb. 125g,125.0,1.0,G,6.99,6.99,A
"CZYK- DLA CIEB.L 3szt, x2,49 7,47C",CZYK DLA CIEB.,,3.0,SZT,2.49,7.47,C
"KRYNA SL MR 50 C 4 x7,59 30,36C",KRYNA SL MR 50,,4.0,,7.59,30.36,C
"MASLO EXTRA 200G C 8 x6,99 55,92C",MASLO EXTRA 200G,200.0,8.0,G,6.99,55.92,C
"PETIT BEURRE 400G C 1 x4,55 4,55C",PETIT BEURRE 400G,400.0,1.0,G,4.55,4.55,C
"SLEDZ SOS POMID 17 C 2 x3,79 7,58C",SLEDZ SOS POMID 17,,2.0,,3.79,7.58,C
"SLEDZ PO GDANSK 17 C 4 x3,79 15,16C",SLEDZ PO GDANSK 17,,4.0,,3.79,15.16,C
"KAJM M/KROWK 510G C 2 x7,99 15,98C",KAJM MKROWK 510G,510.0,2.0,G,7.99,15.98,C
"KONCENTRAT POMI 31 C 2 x7,19 14,38C",KONCENTRAT POMI 31,,2.0,,7.19,14.38,C
"OCZYSZCZ500G A 1 x5,99 5,99A",OCZYSZCZ 500G,500.0,1.0,G,5.99,5.99,A
"z7N WANILIOWY 64 C 2 x1,39 2,78C",WANILIOWY 64,,2.0,,1.39,2.78,C
"PAPIEROSY 20SZT A 1 x19,50 19,50A",PAPIEROSY 20SZT,,1.0,SZT,19.5,19.5,A
"CŚSMIET.ŁACIATA 3300 2 x 4,15 8,30C",CŚSMIET. ŁACIATA 3300,3300.0,2.0,G,4.15,8.3,C
"A_KAWA MOCCA 1 KG 2 x 59,99 119,98A",KAWA MOCCA 1 KG,1.0,2.0,KG,59.99,119.98,A
"C_PASŁĘCKI EXT. 2OO0 2 x 4,85 9,70C",PASŁĘCKI EXT. 2OO0,,2.0,,4.85,9.7,C
"B_KETCHUP ŁAG. 47O G 1 x 7,49 7,99B",KETCHUP ŁAG. 47O G,470.0,1.0,G,7.49,7.99,B
"C_KAJZERKA 50 0 8 x 0,39 3,12C",KAJZERKA 50,,8.0,,0.39,3.12,C
"AWODA NIEGAZ0,6-PAK 1 x 5,94 5,99",AWODA NIEGAZO. 6-PAK,,1.0,,5.94,5.99,
"Seler koCzeń 3 kg t 1SZT x9,99 9,99C",Seler ko Czeń 3 kg,3.0,1.0,KG,9.99,9.99,C
"Qhew 5 k9 t 1SZT x6,99 6,99C",Qhew,,1.0,SZT,6.99,6.99,C
P1etruszka korzeń 3 kq t,Pietruszka korzeń 3 kg,3.0,,KG,0.0,0.0,
"Pql ćb1ca 9K9 t 3S2 x7,99 23,97C",Pql ćbica 9Kg,9.0,3.0,KG,7.99,23.97,C
"iemniaki 5kg t 10SZT x3,99 39,90C",iemniaki 5kg,5.0,10.0,KG,3.99,39.9,C
"Jaja ściófkowe M10 t 4Sź X/,99 i,92",Jaja ściófkowe M10,,4.0,SZT,4.99,,
"śmietankałŁowicka36% t 2SZT x10.99 21,98C",śmietankał Łowicka 36%,,2.0,SZT,10.99,21.98,C
"Piątnicaśmiet400ml t 2SZT x709 14,18C",Piątnicaśmiet 400ml,400.0,2.0,ML,7.09,14.18,C
"DrożdźeBabuni100g H 2ST x1.29 2,58",Drożdźe Babuni 100g,100.0,2.0,G,1.29,2.58,
"FitoAptekaHerb20x2g 1 1ST x6,99 6,99B",Fito Apteka Herb 20x 2g,2.0,1.0,G,6.99,6.99,B
"verdinFixHerbata40g H 1S7 *4.,99 2,99A",verdin Fix Herbata 40g,40.0,1.0,G,4.99,4.99,A
"Rodzinna0woceLeś2009 1 1S 6,99 0'99B",Rodzinna Owoce Leś 2009,,1.0,SZT,6.99,6.99,B
"Pomarańcze kg t 1,68KG x6,99 1n,,8",Pomarańcze kg,1.68,,KG,6.99,,
"ProszekPerColo2,75kg A 2 x47,99 95,98A","Proszek Per Colo 2,75kg",2.75,2.0,KG,47.99,95.98,A
"ErytrytolBakello250 A 2 x9,99 19,98A",Erytrytol Bakello 250,,2.0,,9.99,19.98,A
"KaszaBulgur4x100g C 1 x3,29 3,29C",Kasza Bulgur 4x 100g,100.0,1.0,G,3.29,3.29,C
"Czosnek szt C 1 x1,98 1,98C",Czosnek szt,,1.0,SZT,1.98,1.98,C
"Baton waniliowy A 1 x3,49 3,49A",Baton waniliowy,,1.0,,3.49,3.49,A
"MakSpagPastani500g C 2 x3,42 6,84C",Mak Spag Pastani 500g,500.0,2.0,G,3.42,6.84,C
"Banan Luz C 0,308 x6,99 2,15C",Banan Luz,,0.308,,6.99,2.15,C
"WafleGóralMix45g C 3 x1,69 5,07C",Wafle Góral Mix 45g,45.0,3.0,G,1.69,5.07,C
":WafelDareMilk50g C 3 x2,29 6,87C",Wafel Dare Milk 50g,50.0,3.0,G,2.29,6.87,C
"Jogurt grecki 10% F 1 x2,99 2,99C",Jogurt grecki 10%,,1.0,,2.99,2.99,C
"Jogurt z musli 1 F 1 x4,16 4,16C",Jogurt z musli 1,,1.0,,4.16,4.16,C
"Sałata lodowa szt. F 1 x2,99 2,99C",Sałata lodowa szt.,,1.0,SZT,2.99,2.99,C
"Prześcierad.0484327 X 1 x19,99 19,99A",Prześcierad. 0484327,,1.0,,19.99,19.99,A
"Gouda hol.w plas. F 2 x9,99 19,98C",Gouda hol. w plas.,,2.0,,9.99,19.98,C
"Prześcierad.0484327 X 1 x19,99 19,99A",Prześcierad. 0484327,,1.0,,19.99,19.99,A
"Chleb na maślance F 1 x4,79 4,79C",Chleb na maślance,,1.0,,4.79,4.79,C
"Przekąska z serem F 4 x1,52 6,08C",Przekąska z serem,,4.0,,1.52,6.08,C
"Reklamówka mała rec. X 1 x0,79 0,79A",Reklamówka mała rec.,,1.0,,0.79,0.79,A
"Piwo 0,5l X 18 x3,79 68,22A","Piwo 0,5l",0.5,18.0,L,3.79,68.22,A
" Buraki gotowane 500g F2 x4,79 9,58C",Buraki gotowane 500g,500.0,2.0,G,4.79,9.58,C
"Woda średni gaz 0,5l X 12 x0,75 9,00A","Woda średni gaz 0,5l",0.5,12.0,L,0.75,9.0,A
"Fromage Chipsy F 1 x4,99 4,99C",Fromage Chipsy,,1.0,,4.99,4.99,C
"Rukola 125g F 1 x5,49 5,49C",Rukola 125g,125.0,1.0,G,5.49,5.49,C
"Chleb Baltonowski F 1 x2,49 2,49C",Chleb Baltonowski,,1.0,,2.49,2.49,C
"Boczek wędz.,słupki F 1 x12,99 12,99C",Boczek wędz. słupki,,1.0,,12.99,12.99,C
"Bagietka do odpieku F2 x3,79 7,58C",Bagietka do odpieku,,2.0,,3.79,7.58,C
"Sałata lodowa szt F 1 x2,99 2,99C",Sałata lodowa szt,,1.0,SZT,2.99,2.99,C
"Morele susz.XXL F 1 x12,99 12,99C",Morele susz. XXL,,1.0,,12.99,12.99,C
"Awokado Hass 2szt. F 1 x14,99 14,99C",Awokado Hass 2szt.,,1.0,SZT,14.99,14.99,C
"ToFu naturalne,wędz1 I 1 x3,99 3,99B","ToFu naturalne,wędz1",,1.0,,3.99,3.99,B
"Piątnica Serek wiej. F 1 x2,99 2,99C",Piątnica Serek wiej.,,1.0,,2.99,2.99,C
"Tuńczyk w oleju F 1 x9,24 9,24C",Tuńczyk w oleju,,1.0,,9.24,9.24,C
"Krem pistacjowy weg. F 1 x34,99 34,99C",Krem pistacjowy weg.,,1.0,,34.99,34.99,C
"Banany luz F 0,692 x6,99 4,84C",Banany luz,,0.692,,6.99,4.84,C
"Pomarańcze deser.luz F 0,546 x6,99 3,82C",Pomarańcze deser. luz,,0.546,,6.99,3.82,C
"Papryka słodka luz F 0,13 x19,99 2,60C",Papryka słodka luz,,0.13,,19.99,2.6,C
"Ogórki zielo.PLszt. F 1 x4,99 4,99C",Ogórki zielo. PL szt.,,1.0,SZT,4.99,4.99,C
"Pomidory mal. PL luz F 0,47 x14,99 7,05C",Pomidory mal. PL luz,,0.47,,14.99,7.05,C
"9""""1o.jAnPOU,eU00 żAj9,t1dt SQ._2s.  9P K:",,,,,,,
"Tulipany 7szt. kw.c. I 1 x15,99 15,99B",Tulipany 7szt. kw.,,1.0,SZT,15.99,15.99,B
"Gipsówka kw.c. I 1 x9,99 9,99B",Gipsówka kw.,,1.0,,9.99,9.99,B
"Bułka paryska F 1 x2,89 2,89C",Bułka paryska,,1.0,,2.89,2.89,C
"Sok 100% pomidor F 1 x3,49 3,49C",Sok 100% pomidor,,1.0,,3.49,3.49,C
"Burek ze szpinakiem F 3 x2,39 7,17C",Burek ze szpinakiem,,3.0,,2.39,7.17,C
"Filet z kurczak.św. F 0,95 x24,90 23,66C",Filet z kurczak. św.,,0.95,,24.9,23.66,C
"Bułka kajzerka 1 F 4 x0,35 1,40C",Bułka kajzerka 1,,4.0,,0.35,1.4,C
"Krążki cebulowe 450g F 1 x9,99 9,99C",Krążki cebulowe 450g,450.0,1.0,G,9.99,9.99,C
"Ser top.plastry 250g F 1 x7,22 7,22C",Ser top. plastry 250g,250.0,1.0,G,7.22,7.22,C
"Czekolada m.z orzech X 3 x6,89 20,67A",Czekolada m. z orzech,,3.0,,6.89,20.67,A
"Boczniaki 250g F1 x6,99 6,99C",Boczniaki 250g,250.0,1.0,G,6.99,6.99,C
"Łosoś Pieczony F 0,142 x134,90 19,16C",Łosoś Pieczony,,0.142,,134.9,19.16,C
"Boczek Lardons F 1 x5,49 5,49C",Boczek Lardons,,1.0,,5.49,5.49,C
"Pak Choi 2szt. F1 x6,99 6,99C",Pak Choi 2szt.,,1.0,SZT,6.99,6.99,C
"Bio Sałata rzymska F1 x7,99 7,99C",Bio Sałata rzymska,,1.0,,7.99,7.99,C
"Haliny 125g F 1 x8,99 8,99C",Haliny 125g,125.0,1.0,G,8.99,8.99,C
"Migdały blansz. 200g F 1 x11,19 11,19C",Migdały blansz. 200g,200.0,1.0,G,11.19,11.19,C
"POLITYKA 2 I 1 x13,90 13,90B",POLITYKA 2,,1.0,,13.9,13.9,B
"Precel z solą F 2 x1,99 3,98C",Precel z solą,,2.0,,1.99,3.98,C
"Papryka czerwona luz F 0,394 x14,99 5,91C",Papryka czerwona luz,,0.394,,14.99,5.91,C
"Masło Extra 83% F 3 x7,49 22,47C",Masło Extra 83%,,3.0,,7.49,22.47,C
"Filet z kurczak.św. F 0,974 x24,90 24,25C",Filet z kurczak. św.,,0.974,,24.9,24.25,C
"Chust.hig. 3-warstw. X 1 x3,59 3,59A",Chust. hig. 3-warstw.,,1.0,,3.59,3.59,A
"Mięso mielone,szynka F 1 x11,99 11,99C","Mięso mielone,szynka",,1.0,,11.99,11.99,C
"Ćwiartki z kurczaka F 0,743 x8,99 6,68C",Ćwiartki z kurczaka,,0.743,,8.99,6.68,C
"Cwiartki z kurczaka F 0,79 x8,99 7,10C",Cwiartki z kurczaka,,0.79,,8.99,7.1,C
"Ręcznik papier. XXL X 1 x11,99 11,99A",Ręcznik papier. XXL,,1.0,,11.99,11.99,A
"Banany luz F 1,714 x6,99 11,98C",Banany luz,,1.714,,6.99,11.98,C
"HP Napój wanil.owy F 3 x4,99 14,97C",HP Napój wanil.owy,,3.0,,4.99,14.97,C
"Reklamówka mała rec. X 1 x0,79 0,79A",Reklamówka mała rec.,,1.0,,0.79,0.79,A
"Piernik.ludki 200g F 1 x7,99 7,99C",Piernik. ludki 200g,200.0,1.0,G,7.99,7.99,C
"Prześcierad.0484326 X 1 x29,99 29,99A",Prześcierad. 0484326,,1.0,,29.99,29.99,A
"Winerki z cielęciną F 1 x8,99 8,99C",Winerki z cielęciną,,1.0,,8.99,8.99,C
"Włoski makaron 250g F 1 x5,49 5,49C",Włoski makaron 250g,250.0,1.0,G,5.49,5.49,C
"Sushi Tokyo zestaw F 1 x17,99 17,99C",Sushi Tokyo zestaw,,1.0,,17.99,17.99,C
"Owoce w czek. 200g X 1 x21,99 21,99A",Owoce w czek. 200g,200.0,1.0,G,21.99,21.99,A
"Kiełbasa Fuet Extra F 1 x12,69 12,69C",Kiełbasa Fuet Extra,,1.0,,12.69,12.69,C
"Balcerzak Polska sur F 1 x11,99 11,99C",Balcerzak Polska sur,,1.0,,11.99,11.99,C
"Winogrona jasne luz F 0,552 x9,99 5,51C",Winogrona jasne luz,,0.552,,9.99,5.51,C
"Roś.ziel.max.rośl.ż. I 1 x59,99 59,99B",Roś. ziel. max. rośl. ż.,,1.0,,59.99,59.99,B
"Bagietka czosnkowa A F 1 x2,99 2,99C",Bagietka czosnkowa,,1.0,,2.99,2.99,C
"Burek ze szpinakiem F 2 x2,39 4,78C",Burek ze szpinakiem,,2.0,,2.39,4.78,C
"Camembert 120g F 1 x4,12 4,12C",Camembert 120g,120.0,1.0,G,4.12,4.12,C
"Filety śledziowe200g F1 x6,99 6,99C",Filety śledziowe 200g,200.0,1.0,G,6.99,6.99,C
"Camebert z pieprzem F 1 x4,49 4,49C",Camebert z pieprzem,,1.0,,4.49,4.49,C
"Turek Camembert F 1 x7,29 7,29C",Turek Camembert,,1.0,,7.29,7.29,C
"Oliwki ziel.greckie F 1 x10,43 10,43C",Oliwki ziel. greckie,,1.0,,10.43,10.43,C
"Kabanosy wieprz.175g F2 x9,99 19,98C",Kabanosy wieprz. 175g,175.0,2.0,G,9.99,19.98,C
"Kabanosy Select F 2 x7,49 14,98C",Kabanosy Select,,2.0,,7.49,14.98,C
"Grejpfrut ziel. luz F 0,602 x9,99 6,01C",Grejpfrut ziel. luz,,0.602,,9.99,6.01,C
"Sezamki klasyczne X 1 x2,19 2,19A",Sezamki klasyczne,,1.0,,2.19,2.19,A
"Ciastko z jabłkiem F2 x2,64 5,28C",Ciastko z jabłkiem,,2.0,,2.64,5.28,C
"Baton Premium orzech F 4 x3,14 12,56C",Baton Premium orzech,,4.0,,3.14,12.56,C
"n ,,są,ąr9r400 YleCKo, At: wyCięstwa 6",Dane adresowe,,,,,,
"Y2nL 1Ł nomr rum  1 X3,79 3,79A",,,1.0,,3.79,3.79,A
"LajKonlK Przekąski F 1 x3,99 3,99C",Lajkonlk Przekąski,,1.0,,3.99,3.99,C
"Woda sportowy korek X 1 x1,29 1,29A",Woda sportowy korek,,1.0,,1.29,1.29,A
"Banan Luz C 0,630 x6,99 4,40",Banan Luz,,0.63,,6.99,4.4,C
"SanteErytrytol1KG H 5SZT x19,99 99,95A",Sante Erytrytol 1KG,1.0,5.0,KG,19.99,99.95,A
"MasłExtraMlDol200g C 3 x6,99 20,97C",Masł Extra Ml Dol 200g,200.0,3.0,G,6.99,20.97,C
"MusztRikkaSarep210g B 1 x1,49 1,49B",Muszt Rikka Sarep 210g,210.0,1.0,G,1.49,1.49,B
"Banan Luz C 0,965 x6,99 6,75C",Banan Luz,,0.965,,6.99,6.75,C
"RogalŚwiętomarciński F 4 x7,49 29,96C",Rogal Świętomarciński,,4.0,,7.49,29.96,C
"Camembert zio1owy F 2 x4,19 8,38C",Camembert zio1owy,,2.0,,4.19,8.38,C
"Bagietka duża F 1 x3,19 3,19C",Bagietka duża,,1.0,,3.19,3.19,C
"Piątnica Skyr pitny2 F 2 x4,89 9,78C",Piątnica Skyr pitny,,2.0,,4.89,9.78,C
"JordanSzczoteczkaT4sH 1SZT x12,99 12,99A",Jordan Szczoteczka,,1.0,SZT,12.99,12.99,A
"WinstonGreenSupLine*H 2SZT x21,50 43,00A",Winston Green Sup Line,,2.0,SZT,21.5,43.0,A
"Skyr natyralny 450g t 1SZT x7,79 7,79C",Skyr natyralny 450g,450.0,1.0,G,7.79,7.79,C
"KLt.JajaŚcM20szt t 1SZT x18,99 18,99C",KLt. Jaja Śc M20 szt,,1.0,SZT,18.99,18.99,C
"YerbaMateHerbaCz50g H 1SZT x5,49 5,49A",Yerba Mate Herba Cz 50g,50.0,1.0,G,5.49,5.49,A
"ZielnikPolskiMeli40g t 1SZT x4,99 4,99C",Zielnik Polski Meli 40g,40.0,1.0,G,4.99,4.99,C
"Ogórek gruntowy kg t 0,6O6KG x6,99 4,24C",Ogórek gruntowy kg,0.606,,KG,6.99,4.24,C
"MłynpolMąkaTortowa1k t 4SZT x3,59 14,36C",Młynpol Mąka Tortowa 1KG,1.0,4.0,KG,3.59,14.36,C
"DecomorenoKakao150g H 1SZT x12,99 12,99A",Decomoreno Kakao 150g,150.0,1.0,G,12.99,12.99,A
"KLCbatonowocelesne t 1SZT x8,56 8,56C",batonowocelesne,,1.0,SZT,8.56,8.56,C
"KLCBatontruskawkbana t 1SZT x8,56 8,56C",Batontruskawkbana,,1.0,SZT,8.56,8.56,C
"GóralkiKokosowe45g t 4SZT x1,69 6,76C",Góralki Kokosowe 45g,45.0,4.0,G,1.69,6.76,C
"SchabWiśniowy* t 0,55KG x31,90 17,55C",Schab Wiśniowy,0.55,,KG,31.9,17.55,C
"GumaOrbiSpear50-58g B 2 x7,49 14,98B",Guma Orbi Spear 50-58g,58.0,2.0,G,7.49,14.98,B
"Pomid gał luz C 0,574 x10,99 6,31C",Pomid gał luz,,0.574,,10.99,6.31,C
"Donut nadziew 67g C 1 x2,09 2,09C",Donut nadziew 67g,67.0,1.0,G,2.09,2.09,C
"SzynkaZawędzKW250g C 2 x9,99 19,98C",Szynka Zawędz 250g,250.0,2.0,G,9.99,19.98,C
"WafleGóralMix45g C 5 x1,69 8,45C",Wafle Góral Mix 45g,45.0,5.0,G,1.69,8.45,C
"ZiajaOwoGranatPeel X 1 x19,99 19,99A",Ziaja Owo Granat Peel,,1.0,,19.99,19.99,A
"ZiajaOwoGranatPeel X 1 x19,99 19,99A",Ziaja Owo Granat Peel,,1.0,,19.99,19.99,A
"Prześcierad.0484327 X 1 x19,99 19,99A",Prześcierad. 0484327,,1.0,,19.99,19.99,A
"Gouda hol.w plas. F 2 x9,99 19,98C",Gouda hol. w plas.,,2.0,,9.99,19.98,C
"Prześcierad.0484327 X 1 x19,99 19,99A",Prześcierad. 0484327,,1.0,,19.99,19.99,A
"Chleb na maślance F 1 x4,79 4,79C",Chleb na maślance,,1.0,,4.79,4.79,C
"Przekąska z serem F 4 x1,52 6,08C",Przekąska z serem,,4.0,,1.52,6.08,C
"Reklamówka mała rec. X 1 x0,79 0,79A",Reklamówka mała rec.,,1.0,,0.79,0.79,A
"Piwo 0,5l X 18 x3,79 68,22A","Piwo 0,5l",0.5,18.0,L,3.79,68.22,A
" Buraki gotowane 500g F2 x4,79 9,58C",Buraki gotowane 500g,500.0,2.0,G,4.79,9.58,C
"Woda średni gaz 0,5l X 12 x0,75 9,00A","Woda średni gaz 0,5l",0.5,12.0,L,0.75,9.0,A
"Fromage Chipsy F 1 x4,99 4,99C",Fromage Chipsy,,1.0,,4.99,4.99,C
"Rukola 125g F 1 x5,49 5,49C",Rukola 125g,125.0,1.0,G,5.49,5.49,C
"Chleb Baltonowski F 1 x2,49 2,49C",Chleb Baltonowski,,1.0,,2.49,2.49,C
"Boczek wędz.,słupki F 1 x12,99 12,99C",Boczek wędz. słupki,,1.0,,12.99,12.99,C
"Bagietka do odpieku F2 x3,79 7,58C",Bagietka do odpieku,,2.0,,3.79,7.58,C
"MasłExtraMlDol200g C 3 x6,99 20,97C",Masł Extra Ml Dol 200g,200.0,3.0,G,6.99,20.97,C
"MusztRikkaSarep210g B 1 x1,49 1,49B",Muszt Rikka Sarep 210g,210.0,1.0,G,1.49,1.49,B
"Banan Luz C 0,965 x6,99 6,75C",Banan Luz,,0.965,,6.99,6.75,C
